-- phpMyAdmin SQL Dump
-- version 5.2.1
-- https://www.phpmyadmin.net/
--
-- Host: 127.0.0.1
-- Generation Time: Oct 13, 2025 at 05:50 PM
-- Server version: 10.4.32-MariaDB
-- PHP Version: 8.2.12

SET SQL_MODE = "NO_AUTO_VALUE_ON_ZERO";
START TRANSACTION;
SET time_zone = "+00:00";


/*!40101 SET @OLD_CHARACTER_SET_CLIENT=@@CHARACTER_SET_CLIENT */;
/*!40101 SET @OLD_CHARACTER_SET_RESULTS=@@CHARACTER_SET_RESULTS */;
/*!40101 SET @OLD_COLLATION_CONNECTION=@@COLLATION_CONNECTION */;
/*!40101 SET NAMES utf8mb4 */;

--
-- Database: `smartcard`
--

-- --------------------------------------------------------

--
-- Table structure for table `admin`
--

CREATE TABLE `admin` (
  `AdminID` int(11) NOT NULL,
  `UserID` int(11) NOT NULL,
  `FullName` varchar(100) DEFAULT NULL,
  `Position` varchar(100) DEFAULT NULL
) ENGINE=InnoDB DEFAULT CHARSET=utf8mb4 COLLATE=utf8mb4_general_ci;

--
-- Dumping data for table `admin`
--

INSERT INTO `admin` (`AdminID`, `UserID`, `FullName`, `Position`) VALUES
(3, 136, 'Greg Tomco', 'Head Teacher');

-- --------------------------------------------------------

--
-- Table structure for table `announcement`
--

CREATE TABLE `announcement` (
  `id` int(11) NOT NULL,
  `title` varchar(250) NOT NULL,
  `date` date NOT NULL,
  `content` text NOT NULL
) ENGINE=InnoDB DEFAULT CHARSET=utf8mb4 COLLATE=utf8mb4_general_ci;

--
-- Dumping data for table `announcement`
--

INSERT INTO `announcement` (`id`, `title`, `date`, `content`) VALUES
(1, 'No Classes', '2025-07-28', 'MAHALAGANG ANUNSYO\r\nWalang pasok sa lahat ng antas sa mga pampubliko at pribadong paaralan sa ilang lugar, bukas, July 28, 2025, alinsunod sa Executive Order No. 10 S. 2025.\r\n'),
(2, 'hapyy birthday ma\'am ', '2025-07-29', 'Happy Birthday to a truly inspiring teacher! Thank you for your dedication, your passion for learning, and for always believing in your students. Your guidance and encouragement have made a significant impact, and we are all grateful for your positive');

-- --------------------------------------------------------

--
-- Table structure for table `attendance`
--

CREATE TABLE `attendance` (
  `AttendanceID` int(11) NOT NULL,
  `StudentID` int(11) NOT NULL,
  `Date` date NOT NULL,
  `Status` enum('present','absent','excused') NOT NULL,
  `TeacherID` int(11) NOT NULL,
  `SectionID` int(11) NOT NULL
) ENGINE=InnoDB DEFAULT CHARSET=utf8mb4 COLLATE=utf8mb4_general_ci;

--
-- Dumping data for table `attendance`
--

INSERT INTO `attendance` (`AttendanceID`, `StudentID`, `Date`, `Status`, `TeacherID`, `SectionID`) VALUES
(109, 80, '2025-07-30', 'absent', 10, 1),
(153, 97, '2025-07-29', 'absent', 10, 1),
(154, 89, '2025-07-29', 'absent', 10, 1),
(155, 86, '2025-07-29', 'absent', 10, 1),
(156, 87, '2025-07-29', 'absent', 10, 1),
(157, 94, '2025-07-29', 'absent', 10, 1),
(158, 83, '2025-07-29', 'absent', 10, 1),
(159, 37, '2025-07-29', 'absent', 10, 1),
(160, 101, '2025-07-29', 'absent', 10, 1),
(161, 91, '2025-07-29', 'absent', 10, 1),
(162, 93, '2025-07-29', 'absent', 10, 1),
(163, 85, '2025-07-29', 'absent', 10, 1),
(164, 98, '2025-07-29', 'absent', 10, 1),
(165, 92, '2025-07-29', 'absent', 10, 1),
(166, 95, '2025-07-29', 'absent', 10, 1),
(167, 88, '2025-07-29', 'absent', 10, 1),
(168, 84, '2025-07-29', 'present', 10, 1),
(169, 96, '2025-07-29', 'present', 10, 1),
(170, 90, '2025-07-29', 'present', 10, 1),
(171, 29, '2025-07-29', 'absent', 10, 1),
(172, 99, '2025-07-29', 'present', 10, 1),
(173, 100, '2025-07-29', 'present', 10, 1),
(174, 97, '2025-09-18', 'absent', 2, 1),
(175, 89, '2025-09-18', 'present', 2, 1),
(176, 86, '2025-09-18', 'present', 2, 1),
(177, 87, '2025-09-18', 'present', 2, 1),
(178, 94, '2025-09-18', 'present', 2, 1),
(179, 83, '2025-09-18', 'present', 2, 1),
(180, 37, '2025-09-18', 'present', 2, 1),
(181, 101, '2025-09-18', 'present', 2, 1),
(182, 91, '2025-09-18', 'present', 2, 1),
(183, 93, '2025-09-18', 'present', 2, 1),
(184, 85, '2025-09-18', 'present', 2, 1),
(185, 98, '2025-09-18', 'present', 2, 1),
(186, 92, '2025-09-18', 'present', 2, 1),
(187, 95, '2025-09-18', 'present', 2, 1),
(188, 88, '2025-09-18', 'present', 2, 1),
(189, 84, '2025-09-18', 'present', 2, 1),
(190, 96, '2025-09-18', 'present', 2, 1),
(191, 90, '2025-09-18', 'present', 2, 1),
(192, 29, '2025-09-18', 'present', 2, 1),
(193, 99, '2025-09-18', 'present', 2, 1),
(194, 100, '2025-09-18', 'present', 2, 1),
(195, 97, '2025-09-20', 'present', 2, 1),
(196, 89, '2025-09-20', 'present', 2, 1),
(197, 86, '2025-09-20', 'present', 2, 1),
(198, 87, '2025-09-20', 'present', 2, 1),
(199, 94, '2025-09-20', 'present', 2, 1),
(200, 83, '2025-09-20', 'present', 2, 1),
(201, 37, '2025-09-20', 'present', 2, 1),
(202, 101, '2025-09-20', 'present', 2, 1),
(203, 91, '2025-09-20', 'present', 2, 1),
(204, 93, '2025-09-20', 'present', 2, 1),
(205, 85, '2025-09-20', 'present', 2, 1),
(206, 98, '2025-09-20', 'present', 2, 1),
(207, 92, '2025-09-20', 'present', 2, 1),
(208, 95, '2025-09-20', 'present', 2, 1),
(209, 88, '2025-09-20', 'present', 2, 1),
(210, 84, '2025-09-20', 'present', 2, 1),
(211, 96, '2025-09-20', 'present', 2, 1),
(212, 90, '2025-09-20', 'present', 2, 1),
(213, 29, '2025-09-20', 'absent', 2, 1),
(214, 99, '2025-09-20', 'present', 2, 1),
(215, 100, '2025-09-20', 'absent', 2, 1),
(237, 97, '2025-09-23', 'excused', 2, 1),
(238, 89, '2025-09-23', 'present', 2, 1),
(239, 86, '2025-09-23', 'present', 2, 1),
(240, 87, '2025-09-23', 'present', 2, 1),
(241, 94, '2025-09-23', 'present', 2, 1),
(242, 83, '2025-09-23', 'present', 2, 1),
(243, 37, '2025-09-23', 'present', 2, 1),
(244, 101, '2025-09-23', 'present', 2, 1),
(245, 91, '2025-09-23', 'present', 2, 1),
(246, 93, '2025-09-23', 'present', 2, 1),
(247, 85, '2025-09-23', 'present', 2, 1),
(248, 98, '2025-09-23', 'present', 2, 1),
(249, 92, '2025-09-23', 'present', 2, 1),
(250, 95, '2025-09-23', 'present', 2, 1),
(251, 88, '2025-09-23', 'present', 2, 1),
(252, 84, '2025-09-23', 'present', 2, 1),
(253, 96, '2025-09-23', 'present', 2, 1),
(254, 90, '2025-09-23', 'present', 2, 1),
(255, 29, '2025-09-23', 'absent', 2, 1),
(256, 99, '2025-09-23', 'present', 2, 1),
(257, 100, '2025-09-23', 'present', 2, 1),
(259, 97, '2025-09-28', 'absent', 10, 1),
(260, 89, '2025-09-28', 'present', 10, 1),
(261, 86, '2025-09-28', 'present', 10, 1),
(262, 87, '2025-09-28', 'present', 10, 1),
(263, 94, '2025-09-28', 'present', 10, 1),
(264, 83, '2025-09-28', 'present', 10, 1),
(265, 37, '2025-09-28', 'present', 10, 1),
(266, 101, '2025-09-28', 'present', 10, 1),
(267, 91, '2025-09-28', 'present', 10, 1),
(268, 93, '2025-09-28', 'present', 10, 1),
(269, 85, '2025-09-28', 'present', 10, 1),
(270, 98, '2025-09-28', 'present', 10, 1),
(271, 92, '2025-09-28', 'absent', 10, 1),
(272, 95, '2025-09-28', 'present', 10, 1),
(273, 88, '2025-09-28', 'present', 10, 1),
(274, 84, '2025-09-28', 'present', 10, 1),
(275, 96, '2025-09-28', 'present', 10, 1),
(276, 90, '2025-09-28', 'present', 10, 1),
(277, 29, '2025-09-28', 'present', 10, 1),
(278, 99, '2025-09-28', 'excused', 10, 1),
(279, 100, '2025-09-28', 'present', 10, 1),
(280, 326, '2025-10-06', 'present', 2, 2),
(281, 285, '2025-10-06', 'present', 2, 2),
(282, 297, '2025-10-06', 'present', 2, 2),
(283, 338, '2025-10-06', 'present', 2, 2),
(284, 279, '2025-10-06', 'present', 2, 2),
(285, 320, '2025-10-06', 'present', 2, 2),
(286, 283, '2025-10-06', 'present', 2, 2),
(287, 324, '2025-10-06', 'present', 2, 2),
(288, 336, '2025-10-06', 'present', 2, 2),
(289, 295, '2025-10-06', 'present', 2, 2),
(290, 322, '2025-10-06', 'present', 2, 2),
(291, 281, '2025-10-06', 'present', 2, 2),
(292, 289, '2025-10-06', 'present', 2, 2),
(293, 330, '2025-10-06', 'present', 2, 2),
(294, 291, '2025-10-06', 'present', 2, 2),
(295, 332, '2025-10-06', 'present', 2, 2),
(296, 282, '2025-10-06', 'present', 2, 2),
(297, 323, '2025-10-06', 'present', 2, 2),
(298, 331, '2025-10-06', 'present', 2, 2),
(299, 290, '2025-10-06', 'present', 2, 2),
(300, 321, '2025-10-06', 'present', 2, 2),
(301, 280, '2025-10-06', 'present', 2, 2),
(302, 288, '2025-10-06', 'present', 2, 2),
(303, 329, '2025-10-06', 'present', 2, 2),
(304, 333, '2025-10-06', 'present', 2, 2),
(305, 292, '2025-10-06', 'present', 2, 2),
(306, 319, '2025-10-06', 'present', 2, 2),
(307, 296, '2025-10-06', 'present', 2, 2),
(308, 337, '2025-10-06', 'present', 2, 2),
(309, 328, '2025-10-06', 'present', 2, 2),
(310, 287, '2025-10-06', 'present', 2, 2),
(311, 286, '2025-10-06', 'present', 2, 2),
(312, 327, '2025-10-06', 'present', 2, 2),
(313, 293, '2025-10-06', 'present', 2, 2),
(314, 334, '2025-10-06', 'present', 2, 2),
(315, 335, '2025-10-06', 'present', 2, 2),
(316, 294, '2025-10-06', 'present', 2, 2),
(317, 325, '2025-10-06', 'present', 2, 2),
(318, 284, '2025-10-06', 'present', 2, 2),
(319, 326, '2025-10-08', 'present', 2, 2),
(320, 285, '2025-10-08', 'absent', 2, 2),
(321, 297, '2025-10-08', 'present', 2, 2),
(322, 338, '2025-10-08', 'present', 2, 2),
(323, 279, '2025-10-08', 'present', 2, 2),
(324, 320, '2025-10-08', 'present', 2, 2),
(325, 283, '2025-10-08', 'present', 2, 2),
(326, 324, '2025-10-08', 'present', 2, 2),
(327, 336, '2025-10-08', 'present', 2, 2),
(328, 295, '2025-10-08', 'present', 2, 2),
(329, 322, '2025-10-08', 'present', 2, 2),
(330, 281, '2025-10-08', 'present', 2, 2),
(331, 289, '2025-10-08', 'present', 2, 2),
(332, 330, '2025-10-08', 'present', 2, 2),
(333, 291, '2025-10-08', 'present', 2, 2),
(334, 332, '2025-10-08', 'present', 2, 2),
(335, 282, '2025-10-08', 'present', 2, 2),
(336, 323, '2025-10-08', 'present', 2, 2),
(337, 331, '2025-10-08', 'present', 2, 2),
(338, 290, '2025-10-08', 'present', 2, 2),
(339, 321, '2025-10-08', 'present', 2, 2),
(340, 280, '2025-10-08', 'present', 2, 2),
(341, 288, '2025-10-08', 'present', 2, 2),
(342, 329, '2025-10-08', 'present', 2, 2),
(343, 333, '2025-10-08', 'present', 2, 2),
(344, 292, '2025-10-08', 'present', 2, 2),
(345, 319, '2025-10-08', 'present', 2, 2),
(346, 296, '2025-10-08', 'present', 2, 2),
(347, 337, '2025-10-08', 'present', 2, 2),
(348, 328, '2025-10-08', 'present', 2, 2),
(349, 287, '2025-10-08', 'present', 2, 2),
(350, 286, '2025-10-08', 'present', 2, 2),
(351, 327, '2025-10-08', 'present', 2, 2),
(352, 293, '2025-10-08', 'present', 2, 2),
(353, 334, '2025-10-08', 'present', 2, 2),
(354, 335, '2025-10-08', 'present', 2, 2),
(355, 294, '2025-10-08', 'present', 2, 2),
(356, 325, '2025-10-08', 'present', 2, 2),
(357, 284, '2025-10-08', 'absent', 2, 2);

-- --------------------------------------------------------

--
-- Table structure for table `document`
--

CREATE TABLE `document` (
  `DocumentID` int(11) NOT NULL,
  `StudentID` int(11) NOT NULL,
  `DocType` enum('Form 137','Form 138') NOT NULL,
  `FilePath` varchar(255) DEFAULT NULL,
  `UploadedAt` timestamp NOT NULL DEFAULT current_timestamp()
) ENGINE=InnoDB DEFAULT CHARSET=utf8mb4 COLLATE=utf8mb4_general_ci;

-- --------------------------------------------------------

--
-- Table structure for table `events`
--

CREATE TABLE `events` (
  `id` int(11) NOT NULL,
  `title` varchar(255) NOT NULL,
  `event_date` date NOT NULL,
  `description` text DEFAULT NULL,
  `category` varchar(50) DEFAULT 'task',
  `created_at` timestamp NOT NULL DEFAULT current_timestamp()
) ENGINE=InnoDB DEFAULT CHARSET=utf8mb4 COLLATE=utf8mb4_general_ci;

--
-- Dumping data for table `events`
--

INSERT INTO `events` (`id`, `title`, `event_date`, `description`, `category`, `created_at`) VALUES
(25, 'Pre-Oral', '2025-09-29', '', 'event', '2025-09-25 23:22:31');

-- --------------------------------------------------------

--
-- Table structure for table `grades`
--

CREATE TABLE `grades` (
  `grade_id` int(11) NOT NULL,
  `student_id` int(11) NOT NULL,
  `subject` int(11) DEFAULT NULL,
  `school_year` varchar(20) NOT NULL,
  `Q1` int(11) DEFAULT NULL,
  `Q2` int(11) DEFAULT NULL,
  `Q3` int(11) DEFAULT NULL,
  `Q4` int(11) DEFAULT NULL,
  `Final` int(11) DEFAULT NULL,
  `uploadedby` int(11) NOT NULL,
  `uploaded` datetime NOT NULL
) ENGINE=InnoDB DEFAULT CHARSET=utf8mb4 COLLATE=utf8mb4_general_ci;

--
-- Dumping data for table `grades`
--

INSERT INTO `grades` (`grade_id`, `student_id`, `subject`, `school_year`, `Q1`, `Q2`, `Q3`, `Q4`, `Final`, `uploadedby`, `uploaded`) VALUES
(942, 89, 4, '2025-2026', 80, 78, NULL, NULL, NULL, 2, '2025-09-29 15:15:28'),
(943, 86, 4, '2025-2026', 83, 80, NULL, NULL, NULL, 2, '2025-09-29 15:15:28'),
(944, 87, 4, '2025-2026', 83, 79, NULL, NULL, NULL, 2, '2025-09-29 15:15:28'),
(945, 83, 4, '2025-2026', 82, 77, NULL, NULL, NULL, 2, '2025-09-29 15:15:28'),
(946, 91, 4, '2025-2026', 83, 84, NULL, NULL, NULL, 2, '2025-09-29 15:15:28'),
(947, 85, 4, '2025-2026', 83, 85, NULL, NULL, NULL, 2, '2025-09-29 15:15:28'),
(948, 92, 4, '2025-2026', 84, 78, NULL, NULL, NULL, 2, '2025-09-29 15:15:29'),
(949, 88, 4, '2025-2026', 83, 85, NULL, NULL, NULL, 2, '2025-09-29 15:15:29'),
(950, 84, 4, '2025-2026', 83, 84, NULL, NULL, NULL, 2, '2025-09-29 15:15:29'),
(951, 90, 4, '2025-2026', 82, 85, NULL, NULL, NULL, 2, '2025-09-29 15:15:29'),
(952, 97, 4, '2025-2026', 85, 85, NULL, NULL, NULL, 2, '2025-09-29 15:15:29'),
(953, 29, 4, '2025-2026', 84, 84, NULL, NULL, NULL, 2, '2025-09-29 15:15:29'),
(954, 94, 4, '2025-2026', 85, 86, NULL, NULL, NULL, 2, '2025-09-29 15:15:29'),
(955, 101, 4, '2025-2026', 85, 82, NULL, NULL, NULL, 2, '2025-09-29 15:15:29'),
(956, 93, 4, '2025-2026', 84, 80, NULL, NULL, NULL, 2, '2025-09-29 15:15:29'),
(957, 98, 4, '2025-2026', 84, 89, NULL, NULL, NULL, 2, '2025-09-29 15:15:29'),
(958, 95, 4, '2025-2026', 85, 80, NULL, NULL, NULL, 2, '2025-09-29 15:15:29'),
(959, 37, 4, '2025-2026', 85, 81, NULL, NULL, NULL, 2, '2025-09-29 15:15:29'),
(960, 99, 4, '2025-2026', 84, 86, NULL, NULL, NULL, 2, '2025-09-29 15:15:29'),
(961, 100, 4, '2025-2026', 86, 88, NULL, NULL, NULL, 2, '2025-09-29 15:15:29'),
(982, 83, 3, '2025-2026', 82, 76, NULL, NULL, NULL, 10, '2025-09-28 07:08:05'),
(983, 84, 3, '2025-2026', 81, 79, NULL, NULL, NULL, 10, '2025-09-28 07:08:05'),
(984, 85, 3, '2025-2026', 82, 78, NULL, NULL, NULL, 10, '2025-09-28 07:08:05'),
(985, 86, 3, '2025-2026', 82, 81, NULL, NULL, NULL, 10, '2025-09-28 07:08:05'),
(986, 87, 3, '2025-2026', 80, 83, NULL, NULL, NULL, 10, '2025-09-28 07:08:05'),
(987, 88, 3, '2025-2026', 73, 82, NULL, NULL, NULL, 10, '2025-09-28 07:08:05'),
(988, 89, 3, '2025-2026', 76, 76, NULL, NULL, NULL, 10, '2025-09-28 07:08:05'),
(989, 90, 3, '2025-2026', 82, 75, NULL, NULL, NULL, 10, '2025-09-28 07:08:05'),
(990, 91, 3, '2025-2026', 77, 75, NULL, NULL, NULL, 10, '2025-09-28 07:08:05'),
(991, 92, 3, '2025-2026', 80, 76, NULL, NULL, NULL, 10, '2025-09-28 07:08:05'),
(992, 29, 3, '2025-2026', 82, 89, NULL, NULL, NULL, 10, '2025-09-28 07:08:05'),
(993, 101, 3, '2025-2026', 82, 79, NULL, NULL, NULL, 10, '2025-09-28 07:08:05'),
(994, 100, 3, '2025-2026', 82, 79, NULL, NULL, NULL, 10, '2025-09-28 07:08:05'),
(995, 99, 3, '2025-2026', 79, 78, NULL, NULL, NULL, 10, '2025-09-28 07:08:05'),
(996, 98, 3, '2025-2026', 78, 79, NULL, NULL, NULL, 10, '2025-09-28 07:08:05'),
(997, 97, 3, '2025-2026', 79, 80, NULL, NULL, NULL, 10, '2025-09-28 07:08:05'),
(998, 96, 3, '2025-2026', 81, 80, NULL, NULL, NULL, 10, '2025-09-28 07:08:05'),
(999, 95, 3, '2025-2026', 79, 79, NULL, NULL, NULL, 10, '2025-09-28 07:08:05'),
(1000, 94, 3, '2025-2026', 77, 80, NULL, NULL, NULL, 10, '2025-09-28 07:08:05'),
(1001, 93, 3, '2025-2026', 75, 75, NULL, NULL, NULL, 10, '2025-09-28 07:08:05'),
(1002, 37, 3, '2025-2026', 80, 75, NULL, NULL, NULL, 10, '2025-09-28 07:08:05');

-- --------------------------------------------------------

--
-- Table structure for table `grades_details`
--

CREATE TABLE `grades_details` (
  `gradeID` int(11) NOT NULL,
  `studentID` int(11) NOT NULL,
  `subjectID` int(11) NOT NULL,
  `teacherID` int(11) NOT NULL,
  `quarter` int(11) NOT NULL,
  `school_year` varchar(250) NOT NULL,
  `ww1` int(11) NOT NULL,
  `ww2` int(11) NOT NULL,
  `ww3` int(11) NOT NULL,
  `ww4` int(11) NOT NULL,
  `ww5` int(11) NOT NULL,
  `ww6` int(11) NOT NULL,
  `ww7` int(11) NOT NULL,
  `ww8` int(11) NOT NULL,
  `ww9` int(11) NOT NULL,
  `ww10` int(11) NOT NULL,
  `ww_total` int(11) NOT NULL,
  `ww_ps` decimal(10,2) NOT NULL,
  `ww_ws` decimal(10,2) NOT NULL,
  `pt1` int(11) NOT NULL,
  `pt2` int(11) NOT NULL,
  `pt3` int(11) NOT NULL,
  `pt4` int(11) NOT NULL,
  `pt5` int(11) NOT NULL,
  `pt6` int(11) NOT NULL,
  `pt7` int(11) NOT NULL,
  `pt8` int(11) NOT NULL,
  `pt9` int(11) NOT NULL,
  `pt10` int(11) NOT NULL,
  `pt_total` int(11) NOT NULL,
  `pt_ps` decimal(10,2) NOT NULL,
  `pt_ws` decimal(10,2) NOT NULL,
  `qa1` int(11) NOT NULL,
  `qa_ps` decimal(10,2) NOT NULL,
  `qa_ws` decimal(10,2) NOT NULL,
  `initial_grade` decimal(10,2) NOT NULL,
  `quarterly_grade` int(11) NOT NULL,
  `uploaded` timestamp NOT NULL DEFAULT current_timestamp() ON UPDATE current_timestamp()
) ENGINE=InnoDB DEFAULT CHARSET=utf8mb4 COLLATE=utf8mb4_general_ci;

--
-- Dumping data for table `grades_details`
--

INSERT INTO `grades_details` (`gradeID`, `studentID`, `subjectID`, `teacherID`, `quarter`, `school_year`, `ww1`, `ww2`, `ww3`, `ww4`, `ww5`, `ww6`, `ww7`, `ww8`, `ww9`, `ww10`, `ww_total`, `ww_ps`, `ww_ws`, `pt1`, `pt2`, `pt3`, `pt4`, `pt5`, `pt6`, `pt7`, `pt8`, `pt9`, `pt10`, `pt_total`, `pt_ps`, `pt_ws`, `qa1`, `qa_ps`, `qa_ws`, `initial_grade`, `quarterly_grade`, `uploaded`) VALUES
(1342, 89, 4, 2, 1, '2025-2026', 10, 20, 10, 8, 9, 10, 15, 15, 8, 8, 113, 68.48, 27.39, 20, 20, 30, 20, 20, 40, 20, 20, 30, 30, 250, 67.57, 27.03, 70, 70.00, 14.00, 68.42, 80, '2025-09-29 07:15:26'),
(1343, 86, 4, 2, 1, '2025-2026', 17, 16, 6, 8, 8, 5, 16, 18, 7, 7, 108, 65.45, 26.18, 30, 30, 30, 30, 20, 40, 20, 30, 30, 30, 290, 78.38, 31.35, 80, 80.00, 16.00, 73.53, 83, '2025-09-29 07:15:26'),
(1344, 87, 4, 2, 1, '2025-2026', 18, 18, 8, 7, 13, 16, 17, 15, 7, 5, 124, 75.15, 30.06, 20, 40, 30, 30, 30, 30, 20, 30, 30, 20, 280, 75.68, 30.27, 70, 70.00, 14.00, 74.33, 83, '2025-09-29 07:15:26'),
(1345, 83, 4, 2, 1, '2025-2026', 16, 15, 12, 8, 11, 15, 16, 11, 8, 5, 117, 70.91, 28.36, 20, 20, 30, 30, 30, 30, 30, 40, 30, 20, 280, 75.68, 30.27, 70, 70.00, 14.00, 72.63, 82, '2025-09-29 07:15:26'),
(1346, 91, 4, 2, 1, '2025-2026', 19, 7, 16, 8, 12, 15, 16, 12, 9, 10, 124, 75.15, 30.06, 30, 30, 20, 20, 20, 40, 30, 40, 30, 20, 280, 75.68, 30.27, 70, 70.00, 14.00, 74.33, 83, '2025-09-29 07:15:26'),
(1347, 85, 4, 2, 1, '2025-2026', 16, 16, 15, 8, 10, 14, 15, 15, 9, 7, 125, 75.76, 30.30, 20, 30, 20, 20, 20, 40, 20, 20, 40, 20, 250, 67.57, 27.03, 80, 80.00, 16.00, 73.33, 83, '2025-09-29 07:15:26'),
(1348, 92, 4, 2, 1, '2025-2026', 17, 16, 15, 8, 5, 16, 15, 14, 7, 5, 118, 71.52, 28.61, 30, 30, 30, 20, 30, 20, 30, 30, 40, 30, 290, 78.38, 31.35, 80, 80.00, 16.00, 75.96, 84, '2025-09-29 07:15:26'),
(1349, 88, 4, 2, 1, '2025-2026', 19, 11, 16, 7, 9, 10, 15, 17, 8, 8, 120, 72.73, 29.09, 20, 30, 20, 30, 30, 30, 30, 30, 30, 30, 280, 75.68, 30.27, 70, 70.00, 14.00, 73.36, 83, '2025-09-29 07:15:26'),
(1350, 84, 4, 2, 1, '2025-2026', 15, 13, 16, 9, 14, 16, 13, 12, 6, 5, 119, 72.12, 28.85, 20, 30, 30, 30, 30, 30, 20, 20, 30, 30, 270, 72.97, 29.19, 80, 80.00, 16.00, 74.04, 83, '2025-09-29 07:15:26'),
(1351, 90, 4, 2, 1, '2025-2026', 16, 15, 12, 6, 13, 16, 17, 16, 6, 5, 122, 73.94, 29.58, 20, 20, 20, 20, 40, 30, 20, 20, 40, 20, 250, 67.57, 27.03, 80, 80.00, 16.00, 72.61, 82, '2025-09-29 07:15:26'),
(1352, 97, 4, 2, 1, '2025-2026', 15, 14, 15, 10, 15, 12, 12, 14, 8, 9, 124, 75.15, 30.06, 30, 30, 20, 30, 20, 40, 30, 20, 30, 30, 280, 75.68, 30.27, 80, 80.00, 16.00, 76.33, 85, '2025-09-29 07:15:26'),
(1353, 29, 4, 2, 1, '2025-2026', 16, 15, 13, 9, 14, 11, 17, 18, 9, 8, 130, 78.79, 31.52, 30, 20, 30, 20, 30, 30, 20, 30, 20, 30, 260, 70.27, 28.11, 80, 80.00, 16.00, 75.63, 84, '2025-09-29 07:15:26'),
(1354, 94, 4, 2, 1, '2025-2026', 14, 15, 12, 6, 12, 15, 14, 16, 7, 9, 120, 72.73, 29.09, 20, 30, 40, 20, 30, 30, 20, 30, 20, 30, 270, 72.97, 29.19, 90, 90.00, 18.00, 76.28, 85, '2025-09-29 07:15:26'),
(1355, 101, 4, 2, 1, '2025-2026', 13, 12, 15, 9, 11, 13, 14, 16, 9, 8, 120, 72.73, 29.09, 20, 30, 20, 30, 20, 40, 20, 20, 20, 30, 250, 67.57, 27.03, 100, 100.00, 20.00, 76.12, 85, '2025-09-29 07:15:26'),
(1356, 93, 4, 2, 1, '2025-2026', 15, 16, 13, 7, 10, 12, 11, 16, 6, 7, 113, 68.48, 27.39, 20, 30, 30, 20, 40, 30, 20, 40, 30, 30, 290, 78.38, 31.35, 80, 80.00, 16.00, 74.74, 84, '2025-09-29 07:15:26'),
(1357, 98, 4, 2, 1, '2025-2026', 16, 17, 16, 8, 15, 17, 12, 15, 7, 6, 129, 78.18, 31.27, 30, 20, 40, 30, 20, 20, 20, 30, 30, 20, 260, 70.27, 28.11, 80, 80.00, 16.00, 75.38, 84, '2025-09-29 07:15:26'),
(1358, 95, 4, 2, 1, '2025-2026', 15, 14, 12, 8, 12, 18, 19, 16, 6, 9, 129, 78.18, 31.27, 30, 30, 20, 40, 30, 30, 20, 30, 30, 20, 280, 75.68, 30.27, 80, 80.00, 16.00, 77.54, 85, '2025-09-29 07:15:26'),
(1359, 37, 4, 2, 1, '2025-2026', 17, 13, 15, 5, 13, 17, 12, 18, 7, 8, 125, 75.76, 30.30, 30, 30, 30, 30, 40, 30, 30, 20, 20, 20, 280, 75.68, 30.27, 80, 80.00, 16.00, 76.57, 85, '2025-09-29 07:15:26'),
(1360, 99, 4, 2, 1, '2025-2026', 13, 14, 15, 8, 12, 11, 20, 16, 6, 7, 122, 73.94, 29.58, 30, 20, 40, 30, 20, 30, 20, 20, 20, 30, 260, 70.27, 28.11, 90, 90.00, 18.00, 75.69, 84, '2025-09-29 07:15:26'),
(1361, 100, 4, 2, 1, '2025-2026', 16, 14, 12, 6, 13, 15, 16, 14, 8, 9, 123, 74.55, 29.82, 20, 30, 20, 40, 20, 40, 30, 20, 30, 20, 270, 72.97, 29.19, 100, 100.00, 20.00, 79.01, 86, '2025-09-29 07:15:26'),
(1362, 89, 4, 2, 2, '2025-2026', 8, 9, 8, 8, 8, 7, 9, 9, 7, 9, 82, 82.00, 32.80, 30, 40, 20, 20, 30, 30, 20, 30, 40, 20, 280, 56.00, 22.40, 50, 50.00, 10.00, 65.20, 78, '2025-09-18 06:47:53'),
(1363, 86, 4, 2, 2, '2025-2026', 6, 7, 8, 8, 9, 8, 8, 7, 9, 9, 79, 79.00, 31.60, 40, 30, 20, 30, 20, 40, 30, 40, 50, 30, 330, 66.00, 26.40, 50, 50.00, 10.00, 68.00, 80, '2025-09-18 06:47:53'),
(1364, 87, 4, 2, 2, '2025-2026', 9, 9, 9, 9, 8, 9, 8, 9, 9, 6, 85, 85.00, 34.00, 30, 30, 20, 30, 20, 40, 20, 40, 30, 20, 280, 56.00, 22.40, 50, 50.00, 10.00, 66.40, 79, '2025-09-18 06:47:53'),
(1365, 83, 4, 2, 2, '2025-2026', 8, 8, 8, 7, 6, 9, 9, 8, 7, 8, 78, 78.00, 31.20, 30, 30, 30, 30, 20, 40, 30, 20, 20, 40, 290, 58.00, 23.20, 50, 50.00, 10.00, 64.40, 77, '2025-09-18 06:47:53'),
(1366, 91, 4, 2, 2, '2025-2026', 9, 8, 8, 7, 8, 8, 6, 9, 9, 9, 81, 81.00, 32.40, 30, 30, 30, 30, 30, 30, 20, 30, 20, 40, 290, 58.00, 23.20, 100, 100.00, 20.00, 75.60, 84, '2025-09-18 06:47:53'),
(1367, 85, 4, 2, 2, '2025-2026', 8, 8, 8, 8, 8, 8, 8, 8, 8, 8, 80, 80.00, 32.00, 40, 20, 30, 30, 20, 20, 40, 40, 30, 40, 310, 62.00, 24.80, 100, 100.00, 20.00, 76.80, 85, '2025-09-18 06:47:53'),
(1368, 92, 4, 2, 2, '2025-2026', 7, 9, 9, 8, 7, 6, 9, 8, 8, 8, 79, 79.00, 31.60, 40, 20, 20, 20, 30, 30, 40, 30, 20, 50, 300, 60.00, 24.00, 50, 50.00, 10.00, 65.60, 78, '2025-09-18 06:47:53'),
(1369, 88, 4, 2, 2, '2025-2026', 8, 7, 8, 8, 8, 8, 9, 8, 7, 9, 80, 80.00, 32.00, 40, 20, 30, 30, 20, 40, 30, 20, 40, 30, 300, 60.00, 24.00, 100, 100.00, 20.00, 76.00, 85, '2025-09-18 06:47:53'),
(1370, 84, 4, 2, 2, '2025-2026', 7, 6, 10, 7, 9, 9, 7, 9, 8, 8, 80, 80.00, 32.00, 30, 30, 30, 20, 30, 20, 40, 20, 40, 30, 290, 58.00, 23.20, 100, 100.00, 20.00, 75.20, 84, '2025-09-18 06:47:53'),
(1371, 90, 4, 2, 2, '2025-2026', 8, 8, 7, 9, 9, 7, 7, 10, 9, 8, 82, 82.00, 32.80, 30, 30, 20, 30, 20, 30, 40, 30, 30, 30, 290, 58.00, 23.20, 100, 100.00, 20.00, 76.00, 85, '2025-09-18 06:47:53'),
(1372, 97, 4, 2, 2, '2025-2026', 8, 7, 8, 8, 8, 8, 8, 9, 9, 8, 81, 81.00, 32.40, 30, 30, 30, 30, 40, 30, 30, 30, 30, 30, 310, 62.00, 24.80, 100, 100.00, 20.00, 77.20, 85, '2025-09-18 06:47:53'),
(1373, 29, 4, 2, 2, '2025-2026', 7, 8, 9, 7, 9, 9, 8, 8, 8, 8, 81, 81.00, 32.40, 20, 20, 20, 30, 40, 30, 20, 30, 30, 40, 280, 56.00, 22.40, 100, 100.00, 20.00, 74.80, 84, '2025-09-18 06:47:53'),
(1374, 94, 4, 2, 2, '2025-2026', 8, 8, 8, 9, 9, 7, 8, 9, 9, 7, 82, 82.00, 32.80, 20, 30, 40, 30, 40, 30, 30, 30, 20, 40, 310, 62.00, 24.80, 100, 100.00, 20.00, 77.60, 86, '2025-09-18 06:47:53'),
(1375, 101, 4, 2, 2, '2025-2026', 8, 9, 9, 8, 8, 6, 9, 8, 8, 9, 82, 82.00, 32.80, 40, 30, 40, 30, 40, 30, 30, 40, 40, 40, 360, 72.00, 28.80, 50, 50.00, 10.00, 71.60, 82, '2025-09-18 06:47:53'),
(1376, 93, 4, 2, 2, '2025-2026', 8, 8, 9, 7, 7, 9, 8, 8, 6, 9, 79, 79.00, 31.60, 40, 30, 40, 30, 40, 20, 30, 40, 40, 30, 340, 68.00, 27.20, 50, 50.00, 10.00, 68.80, 80, '2025-09-18 06:47:53'),
(1377, 98, 4, 2, 2, '2025-2026', 7, 7, 7, 9, 9, 9, 9, 9, 9, 7, 82, 82.00, 32.80, 40, 40, 30, 30, 30, 40, 40, 40, 40, 40, 370, 74.00, 29.60, 100, 100.00, 20.00, 82.40, 89, '2025-09-18 06:47:53'),
(1378, 95, 4, 2, 2, '2025-2026', 9, 8, 8, 8, 6, 8, 8, 8, 8, 7, 78, 78.00, 31.20, 30, 40, 30, 40, 30, 40, 40, 40, 30, 30, 350, 70.00, 28.00, 50, 50.00, 10.00, 69.20, 80, '2025-09-18 06:47:53'),
(1379, 37, 4, 2, 2, '2025-2026', 6, 7, 7, 8, 8, 8, 8, 9, 9, 9, 79, 79.00, 31.60, 20, 30, 40, 40, 40, 30, 40, 40, 30, 40, 350, 70.00, 28.00, 50, 50.00, 10.00, 69.60, 81, '2025-09-18 06:47:53'),
(1380, 99, 4, 2, 2, '2025-2026', 6, 7, 7, 8, 9, 6, 9, 10, 8, 6, 76, 76.00, 30.40, 40, 30, 40, 40, 40, 40, 30, 30, 30, 30, 350, 70.00, 28.00, 100, 100.00, 20.00, 78.40, 86, '2025-09-18 06:47:53'),
(1381, 100, 4, 2, 2, '2025-2026', 9, 9, 7, 8, 10, 7, 8, 9, 9, 6, 82, 82.00, 32.80, 40, 30, 40, 30, 30, 30, 40, 40, 40, 40, 360, 72.00, 28.80, 100, 100.00, 20.00, 81.60, 88, '2025-09-18 06:47:53'),
(1382, 83, 3, 10, 1, '2025-2026', 15, 5, 8, 8, 7, 5, 6, 17, 8, 14, 93, 71.54, 28.62, 30, 30, 40, 30, 40, 40, 40, 30, 30, 25, 335, 77.91, 31.16, 30, 60.00, 12.00, 71.78, 82, '2025-09-27 22:45:13'),
(1383, 84, 3, 10, 1, '2025-2026', 11, 5, 7, 6, 7, 5, 5, 16, 5, 15, 82, 63.08, 25.23, 30, 25, 40, 30, 35, 40, 40, 30, 35, 25, 330, 76.74, 30.70, 35, 70.00, 14.00, 69.93, 81, '2025-09-27 22:45:13'),
(1384, 85, 3, 10, 1, '2025-2026', 14, 8, 4, 5, 5, 7, 6, 14, 7, 16, 86, 66.15, 26.46, 30, 35, 35, 30, 35, 40, 35, 35, 35, 30, 340, 79.07, 31.63, 35, 70.00, 14.00, 72.09, 82, '2025-09-27 22:45:13'),
(1385, 86, 3, 10, 1, '2025-2026', 15, 9, 5, 2, 6, 8, 7, 17, 8, 11, 88, 67.69, 27.08, 30, 35, 35, 35, 30, 40, 35, 35, 35, 40, 350, 81.40, 32.56, 30, 60.00, 12.00, 71.64, 82, '2025-09-27 22:45:13'),
(1386, 87, 3, 10, 1, '2025-2026', 11, 5, 7, 7, 8, 7, 8, 10, 9, 19, 91, 70.00, 28.00, 30, 35, 35, 35, 20, 35, 35, 35, 30, 20, 310, 72.09, 28.84, 30, 60.00, 12.00, 68.84, 80, '2025-09-27 22:45:13'),
(1387, 88, 3, 10, 1, '2025-2026', 12, 7, 7, 5, 8, 6, 8, 11, 5, 0, 69, 53.08, 21.23, 35, 25, 25, 35, 20, 35, 30, 25, 30, 25, 285, 66.28, 26.51, 20, 40.00, 8.00, 55.74, 73, '2025-09-27 22:45:13'),
(1388, 89, 3, 10, 1, '2025-2026', 14, 9, 5, 4, 8, 9, 4, 18, 7, 10, 88, 67.69, 27.08, 35, 40, 30, 25, 20, 30, 35, 25, 35, 20, 295, 68.60, 27.44, 20, 40.00, 8.00, 62.52, 76, '2025-09-27 22:45:13'),
(1389, 90, 3, 10, 1, '2025-2026', 19, 8, 9, 8, 9, 7, 4, 19, 7, 16, 106, 81.54, 32.62, 25, 40, 30, 25, 40, 35, 30, 25, 35, 35, 320, 74.42, 29.77, 25, 50.00, 10.00, 72.39, 82, '2025-09-27 22:45:13'),
(1390, 91, 3, 10, 1, '2025-2026', 17, 6, 4, 9, 5, 7, 6, 17, 8, 12, 91, 70.00, 28.00, 25, 40, 30, 20, 35, 30, 30, 35, 30, 25, 300, 69.77, 27.91, 20, 40.00, 8.00, 63.91, 77, '2025-09-27 22:45:13'),
(1391, 92, 3, 10, 1, '2025-2026', 15, 4, 5, 9, 6, 5, 7, 20, 4, 11, 86, 66.15, 26.46, 40, 35, 35, 20, 35, 25, 35, 25, 30, 25, 305, 70.93, 28.37, 35, 70.00, 14.00, 68.83, 80, '2025-09-27 22:45:13'),
(1392, 29, 3, 10, 1, '2025-2026', 12, 5, 5, 7, 7, 7, 7, 19, 9, 15, 93, 71.54, 28.62, 40, 40, 35, 20, 35, 25, 35, 35, 30, 25, 320, 74.42, 29.77, 35, 70.00, 14.00, 72.39, 82, '2025-09-27 22:45:13'),
(1393, 101, 3, 10, 1, '2025-2026', 14, 5, 5, 7, 9, 5, 5, 12, 6, 16, 84, 64.62, 25.85, 30, 30, 40, 30, 30, 40, 50, 40, 30, 25, 345, 80.23, 32.09, 35, 70.00, 14.00, 71.94, 82, '2025-09-27 22:45:13'),
(1394, 100, 3, 10, 1, '2025-2026', 13, 6, 7, 8, 6, 4, 7, 12, 8, 15, 86, 66.15, 26.46, 35, 30, 30, 30, 30, 40, 50, 40, 25, 25, 335, 77.91, 31.16, 35, 70.00, 14.00, 71.62, 82, '2025-09-27 22:45:13'),
(1395, 99, 3, 10, 1, '2025-2026', 10, 4, 8, 8, 8, 7, 8, 15, 8, 17, 93, 71.54, 28.62, 35, 20, 30, 25, 20, 40, 40, 30, 25, 25, 290, 67.44, 26.98, 30, 60.00, 12.00, 67.60, 79, '2025-09-27 22:45:13'),
(1396, 98, 3, 10, 1, '2025-2026', 10, 3, 9, 7, 7, 9, 5, 17, 7, 18, 92, 70.77, 28.31, 30, 20, 20, 25, 25, 30, 40, 35, 20, 20, 265, 61.63, 24.65, 30, 60.00, 12.00, 64.96, 78, '2025-09-27 22:45:13'),
(1397, 97, 3, 10, 1, '2025-2026', 10, 7, 6, 7, 6, 6, 9, 16, 9, 12, 88, 67.69, 27.08, 25, 30, 35, 20, 25, 35, 40, 35, 20, 20, 285, 66.28, 26.51, 35, 70.00, 14.00, 67.59, 79, '2025-09-27 22:45:13'),
(1398, 96, 3, 10, 1, '2025-2026', 11, 8, 7, 8, 7, 3, 6, 14, 9, 17, 90, 69.23, 27.69, 20, 35, 35, 35, 25, 35, 45, 30, 25, 20, 305, 70.93, 28.37, 35, 70.00, 14.00, 70.06, 81, '2025-09-27 22:45:13'),
(1399, 95, 3, 10, 1, '2025-2026', 15, 6, 5, 7, 9, 7, 6, 17, 7, 16, 95, 73.08, 29.23, 40, 35, 35, 35, 20, 30, 45, 25, 35, 25, 325, 75.58, 30.23, 20, 40.00, 8.00, 67.46, 79, '2025-09-27 22:45:13'),
(1400, 94, 3, 10, 1, '2025-2026', 17, 0, 3, 6, 3, 5, 8, 17, 8, 13, 80, 61.54, 24.62, 35, 30, 30, 30, 35, 40, 40, 20, 35, 20, 315, 73.26, 29.30, 25, 50.00, 10.00, 63.92, 77, '2025-09-27 22:45:13'),
(1401, 93, 3, 10, 1, '2025-2026', 15, 9, 3, 5, 5, 6, 4, 16, 5, 14, 82, 63.08, 25.23, 35, 20, 30, 30, 25, 35, 35, 35, 30, 25, 300, 69.77, 27.91, 20, 40.00, 8.00, 61.14, 75, '2025-09-27 22:45:13'),
(1402, 37, 3, 10, 1, '2025-2026', 18, 5, 6, 6, 7, 7, 3, 15, 6, 12, 85, 65.38, 26.15, 30, 20, 25, 35, 35, 35, 30, 35, 35, 25, 305, 70.93, 28.37, 35, 70.00, 14.00, 68.52, 80, '2025-09-27 22:45:13'),
(1403, 83, 3, 10, 2, '2025-2026', 6, 4, 5, 6, 2, 4, 5, 5, 5, 3, 45, 45.00, 18.00, 30, 40, 40, 35, 25, 35, 20, 20, 30, 30, 305, 76.25, 30.50, 35, 70.00, 14.00, 62.50, 76, '2025-09-27 23:08:04'),
(1404, 84, 3, 10, 2, '2025-2026', 4, 6, 5, 6, 6, 6, 6, 7, 6, 3, 55, 55.00, 22.00, 35, 30, 35, 30, 30, 35, 25, 20, 35, 35, 310, 77.50, 31.00, 35, 70.00, 14.00, 67.00, 79, '2025-09-27 23:08:04'),
(1405, 85, 3, 10, 2, '2025-2026', 6, 7, 7, 6, 7, 8, 7, 5, 7, 5, 65, 65.00, 26.00, 35, 30, 35, 35, 35, 30, 25, 20, 35, 35, 315, 78.75, 31.50, 20, 40.00, 8.00, 65.50, 78, '2025-09-27 23:08:04'),
(1406, 86, 3, 10, 2, '2025-2026', 8, 8, 7, 7, 3, 3, 4, 5, 8, 7, 60, 60.00, 24.00, 35, 25, 35, 35, 35, 30, 30, 30, 35, 35, 325, 81.25, 32.50, 35, 70.00, 14.00, 70.50, 81, '2025-09-27 23:08:04'),
(1407, 87, 3, 10, 2, '2025-2026', 9, 3, 8, 7, 8, 8, 5, 8, 9, 9, 74, 74.00, 29.60, 30, 35, 30, 35, 30, 35, 30, 35, 35, 30, 325, 81.25, 32.50, 30, 60.00, 12.00, 74.10, 83, '2025-09-27 23:08:04'),
(1408, 88, 3, 10, 2, '2025-2026', 3, 5, 4, 8, 3, 9, 6, 9, 8, 5, 60, 60.00, 24.00, 35, 35, 30, 30, 30, 35, 30, 35, 30, 30, 320, 80.00, 32.00, 40, 80.00, 16.00, 72.00, 82, '2025-09-27 23:08:04'),
(1409, 89, 3, 10, 2, '2025-2026', 5, 8, 8, 3, 9, 2, 5, 5, 9, 3, 57, 57.00, 22.80, 25, 35, 25, 30, 25, 30, 35, 35, 30, 25, 295, 73.75, 29.50, 25, 50.00, 10.00, 62.30, 76, '2025-09-27 23:08:04'),
(1410, 90, 3, 10, 2, '2025-2026', 10, 9, 8, 4, 4, 3, 7, 2, 9, 8, 64, 64.00, 25.60, 20, 30, 20, 35, 25, 35, 35, 20, 30, 25, 275, 68.75, 27.50, 20, 40.00, 8.00, 61.10, 75, '2025-09-27 23:08:04'),
(1411, 91, 3, 10, 2, '2025-2026', 3, 5, 9, 6, 8, 6, 4, 5, 9, 4, 59, 59.00, 23.60, 35, 30, 35, 20, 30, 30, 35, 20, 35, 20, 290, 72.50, 29.00, 20, 40.00, 8.00, 60.60, 75, '2025-09-27 23:08:04'),
(1412, 92, 3, 10, 2, '2025-2026', 5, 3, 5, 6, 6, 7, 7, 4, 8, 8, 59, 59.00, 23.60, 35, 35, 30, 25, 35, 25, 30, 25, 30, 25, 295, 73.75, 29.50, 25, 50.00, 10.00, 63.10, 76, '2025-09-27 23:08:04'),
(1413, 29, 3, 10, 2, '2025-2026', 5, 7, 7, 7, 7, 7, 7, 7, 7, 7, 68, 68.00, 27.20, 40, 40, 40, 40, 40, 40, 40, 40, 40, 40, 400, 100.00, 40.00, 40, 80.00, 16.00, 83.20, 89, '2025-09-27 23:08:04'),
(1414, 101, 3, 10, 2, '2025-2026', 4, 7, 3, 6, 6, 4, 7, 9, 6, 6, 58, 58.00, 23.20, 30, 35, 40, 25, 30, 30, 30, 35, 30, 35, 320, 80.00, 32.00, 30, 60.00, 12.00, 67.20, 79, '2025-09-27 23:08:04'),
(1415, 100, 3, 10, 2, '2025-2026', 7, 6, 5, 7, 7, 3, 8, 8, 5, 3, 59, 59.00, 23.60, 30, 35, 30, 25, 35, 30, 30, 35, 35, 35, 320, 80.00, 32.00, 30, 60.00, 12.00, 67.60, 79, '2025-09-27 23:08:04'),
(1416, 99, 3, 10, 2, '2025-2026', 8, 5, 4, 6, 6, 5, 9, 7, 9, 5, 64, 64.00, 25.60, 30, 30, 30, 25, 35, 30, 25, 30, 30, 35, 300, 75.00, 30.00, 25, 50.00, 10.00, 65.60, 78, '2025-09-27 23:08:04'),
(1417, 98, 3, 10, 2, '2025-2026', 8, 5, 5, 5, 8, 5, 6, 6, 9, 7, 64, 64.00, 25.60, 35, 30, 35, 35, 35, 35, 25, 30, 30, 30, 320, 80.00, 32.00, 25, 50.00, 10.00, 67.60, 79, '2025-09-27 23:08:04'),
(1418, 97, 3, 10, 2, '2025-2026', 7, 6, 6, 8, 8, 6, 5, 5, 7, 5, 63, 63.00, 25.20, 35, 30, 35, 35, 30, 35, 30, 35, 20, 35, 320, 80.00, 32.00, 30, 60.00, 12.00, 69.20, 80, '2025-09-27 23:08:04'),
(1419, 96, 3, 10, 2, '2025-2026', 9, 7, 7, 9, 9, 3, 4, 4, 8, 5, 65, 65.00, 26.00, 30, 30, 35, 30, 35, 35, 30, 25, 35, 30, 315, 78.75, 31.50, 30, 60.00, 12.00, 69.50, 80, '2025-09-27 23:08:04'),
(1420, 95, 3, 10, 2, '2025-2026', 4, 8, 7, 8, 8, 7, 5, 5, 6, 7, 65, 65.00, 26.00, 30, 30, 35, 30, 25, 35, 30, 20, 35, 35, 305, 76.25, 30.50, 25, 50.00, 10.00, 66.50, 79, '2025-09-27 23:08:04'),
(1421, 94, 3, 10, 2, '2025-2026', 6, 8, 8, 9, 7, 8, 6, 6, 7, 9, 74, 74.00, 29.60, 35, 30, 30, 35, 20, 30, 35, 20, 30, 20, 285, 71.25, 28.50, 25, 50.00, 10.00, 68.10, 80, '2025-09-27 23:08:04'),
(1422, 93, 3, 10, 2, '2025-2026', 5, 7, 3, 9, 6, 6, 7, 5, 5, 6, 59, 59.00, 23.60, 35, 35, 30, 25, 25, 30, 35, 25, 35, 20, 295, 73.75, 29.50, 20, 40.00, 8.00, 61.10, 75, '2025-09-27 23:08:04'),
(1423, 37, 3, 10, 2, '2025-2026', 5, 7, 3, 8, 5, 7, 8, 5, 7, 7, 62, 62.00, 24.80, 30, 35, 25, 20, 20, 30, 35, 25, 30, 25, 275, 68.75, 27.50, 20, 40.00, 8.00, 60.30, 75, '2025-09-27 23:08:04');

-- --------------------------------------------------------

--
-- Table structure for table `highest_possible_score`
--

CREATE TABLE `highest_possible_score` (
  `id` int(11) NOT NULL,
  `teacherID` int(11) NOT NULL,
  `subjectID` int(11) NOT NULL,
  `quarter` int(11) NOT NULL,
  `school_year` varchar(250) NOT NULL,
  `ww1` int(11) NOT NULL,
  `ww2` int(11) NOT NULL,
  `ww3` int(11) NOT NULL,
  `ww4` int(11) NOT NULL,
  `ww5` int(11) NOT NULL,
  `ww6` int(11) NOT NULL,
  `ww7` int(11) NOT NULL,
  `ww8` int(11) NOT NULL,
  `ww9` int(11) NOT NULL,
  `ww10` int(11) NOT NULL,
  `ww_total` int(11) NOT NULL,
  `ww_ps` decimal(10,2) NOT NULL,
  `ww_ws` decimal(10,2) NOT NULL,
  `pt1` int(11) NOT NULL,
  `pt2` int(11) NOT NULL,
  `pt3` int(11) NOT NULL,
  `pt4` int(11) NOT NULL,
  `pt5` int(11) NOT NULL,
  `pt6` int(11) NOT NULL,
  `pt7` int(11) NOT NULL,
  `pt8` int(11) NOT NULL,
  `pt9` int(11) NOT NULL,
  `pt10` int(11) NOT NULL,
  `pt_total` int(11) NOT NULL,
  `pt_ps` decimal(10,2) NOT NULL,
  `pt_ws` decimal(10,2) NOT NULL,
  `qa1` int(11) NOT NULL,
  `qa_ps` decimal(10,2) NOT NULL,
  `qa_ws` decimal(10,2) NOT NULL,
  `uploaded` timestamp NOT NULL DEFAULT current_timestamp() ON UPDATE current_timestamp()
) ENGINE=InnoDB DEFAULT CHARSET=utf8mb4 COLLATE=utf8mb4_general_ci;

--
-- Dumping data for table `highest_possible_score`
--

INSERT INTO `highest_possible_score` (`id`, `teacherID`, `subjectID`, `quarter`, `school_year`, `ww1`, `ww2`, `ww3`, `ww4`, `ww5`, `ww6`, `ww7`, `ww8`, `ww9`, `ww10`, `ww_total`, `ww_ps`, `ww_ws`, `pt1`, `pt2`, `pt3`, `pt4`, `pt5`, `pt6`, `pt7`, `pt8`, `pt9`, `pt10`, `pt_total`, `pt_ps`, `pt_ws`, `qa1`, `qa_ps`, `qa_ws`, `uploaded`) VALUES
(133, 2, 4, 1, '2025-2026', 20, 20, 20, 10, 15, 20, 20, 20, 10, 10, 165, 100.00, 0.40, 30, 40, 40, 40, 40, 40, 30, 40, 40, 30, 370, 100.00, 0.40, 100, 100.00, 0.20, '2025-09-29 07:15:26'),
(134, 2, 4, 2, '2025-2026', 10, 10, 10, 10, 10, 10, 10, 10, 10, 10, 100, 100.00, 0.40, 50, 50, 50, 50, 50, 50, 50, 50, 50, 50, 500, 100.00, 0.40, 100, 100.00, 0.20, '2025-09-18 06:47:53'),
(135, 10, 3, 1, '2025-2026', 20, 10, 10, 10, 10, 10, 10, 20, 10, 20, 130, 100.00, 0.40, 40, 40, 40, 40, 40, 50, 50, 50, 40, 40, 430, 100.00, 0.40, 50, 100.00, 0.20, '2025-09-27 22:45:13'),
(136, 10, 3, 2, '2025-2026', 10, 10, 10, 10, 10, 10, 10, 10, 10, 10, 100, 100.00, 0.40, 40, 40, 40, 40, 40, 40, 40, 40, 40, 40, 400, 100.00, 0.40, 50, 100.00, 0.20, '2025-09-27 23:08:04');

-- --------------------------------------------------------

--
-- Table structure for table `sched`
--

CREATE TABLE `sched` (
  `schedID` int(11) NOT NULL,
  `time` varchar(250) NOT NULL,
  `day` varchar(250) NOT NULL,
  `subjectID` int(11) NOT NULL,
  `teacherID` int(11) NOT NULL,
  `SectionID` int(11) NOT NULL
) ENGINE=InnoDB DEFAULT CHARSET=utf8mb4 COLLATE=utf8mb4_general_ci;

--
-- Dumping data for table `sched`
--

INSERT INTO `sched` (`schedID`, `time`, `day`, `subjectID`, `teacherID`, `SectionID`) VALUES
(1, '9:00 AM - 10:30 AM', 'Monday', 1, 2, 1),
(2, '7:00 AM - 9:30 AM', 'Wednesday', 1, 2, 2),
(3, '8:00 AM - 9:00 AM', 'Wednesday', 2, 9, 2),
(6, '7:00 AM - 9:00 AM', 'Tuesday', 2, 9, 1),
(7, '1:30 PM - 2:30 PM', 'Friday', 3, 10, 1),
(8, '8:00 AM - 9:30 AM', 'Tuesday', 1, 2, 1),
(9, '10:40 AM - 12:00 PM', 'Wednesday', 4, 2, 1),
(10, '7:30 AM - 8:30 AM', 'Wednesday', 8, 14, 1),
(11, '9:00 AM - 10:00 AM', 'Tuesday', 9, 15, 1),
(12, '8:00 AM - 9:30 AM', 'Wednesday', 10, 18, 1);

-- --------------------------------------------------------

--
-- Table structure for table `section`
--

CREATE TABLE `section` (
  `SectionID` int(11) NOT NULL,
  `GradeLevel` tinyint(4) NOT NULL,
  `SectionName` varchar(20) NOT NULL,
  `AdviserID` int(11) DEFAULT NULL
) ENGINE=InnoDB DEFAULT CHARSET=utf8mb4 COLLATE=utf8mb4_general_ci;

--
-- Dumping data for table `section`
--

INSERT INTO `section` (`SectionID`, `GradeLevel`, `SectionName`, `AdviserID`) VALUES
(1, 7, 'Amihan', 2),
(2, 7, 'Alon', 9),
(5, 7, 'Alab', 10);

-- --------------------------------------------------------

--
-- Table structure for table `section_enrollment`
--

CREATE TABLE `section_enrollment` (
  `SectionID` int(11) NOT NULL,
  `StudentID` int(11) NOT NULL,
  `SchoolYear` varchar(9) NOT NULL,
  `status` varchar(250) NOT NULL
) ENGINE=InnoDB DEFAULT CHARSET=utf8mb4 COLLATE=utf8mb4_general_ci;

--
-- Dumping data for table `section_enrollment`
--

INSERT INTO `section_enrollment` (`SectionID`, `StudentID`, `SchoolYear`, `status`) VALUES
(1, 29, '2025-2026', 'active'),
(1, 37, '2025-2026', 'active'),
(1, 83, '2025-2026', 'active'),
(1, 84, '2025-2026', 'active'),
(1, 85, '2025-2026', 'active'),
(1, 86, '2025-2026', 'active'),
(1, 87, '2025-2026', 'active'),
(1, 88, '2025-2026', 'active'),
(1, 89, '2025-2026', 'active'),
(1, 90, '2025-2026', 'active'),
(1, 91, '2025-2026', 'active'),
(1, 92, '2025-2026', 'active'),
(1, 93, '2025-2026', 'active'),
(1, 94, '2025-2026', 'active'),
(1, 95, '2025-2026', 'active'),
(1, 96, '2025-2026', 'active'),
(1, 97, '2025-2026', 'active'),
(1, 98, '2025-2026', 'active'),
(1, 99, '2025-2026', 'active'),
(1, 100, '2025-2026', 'active'),
(1, 101, '2025-2026', 'active'),
(2, 279, '2025-2026', 'active'),
(2, 280, '2025-2026', 'active'),
(2, 281, '2025-2026', 'active'),
(2, 282, '2025-2026', 'active'),
(2, 283, '2025-2026', 'active'),
(2, 284, '2025-2026', 'active'),
(2, 285, '2025-2026', 'active'),
(2, 286, '2025-2026', 'active'),
(2, 287, '2025-2026', 'active'),
(2, 288, '2025-2026', 'active'),
(2, 289, '2025-2026', 'active'),
(2, 290, '2025-2026', 'active'),
(2, 291, '2025-2026', 'active'),
(2, 292, '2025-2026', 'active'),
(2, 293, '2025-2026', 'active'),
(2, 294, '2025-2026', 'active'),
(2, 295, '2025-2026', 'active'),
(2, 296, '2025-2026', 'active'),
(2, 297, '2025-2026', 'active'),
(2, 319, '2025-2026', 'active'),
(2, 320, '2025-2026', 'active'),
(2, 321, '2025-2026', 'active'),
(2, 322, '2025-2026', 'active'),
(2, 323, '2025-2026', 'active'),
(2, 324, '2025-2026', 'active'),
(2, 325, '2025-2026', 'active'),
(2, 326, '2025-2026', 'active'),
(2, 327, '2025-2026', 'active'),
(2, 328, '2025-2026', 'active'),
(2, 329, '2025-2026', 'active'),
(2, 330, '2025-2026', 'active'),
(2, 331, '2025-2026', 'active'),
(2, 332, '2025-2026', 'active'),
(2, 333, '2025-2026', 'active'),
(2, 334, '2025-2026', 'active'),
(2, 335, '2025-2026', 'active'),
(2, 336, '2025-2026', 'active'),
(2, 337, '2025-2026', 'active'),
(2, 338, '2025-2026', 'active'),
(5, 298, '2025-2026', 'active'),
(5, 299, '2025-2026', 'active'),
(5, 300, '2025-2026', 'active'),
(5, 301, '2025-2026', 'active'),
(5, 302, '2025-2026', 'active'),
(5, 303, '2025-2026', 'active'),
(5, 304, '2025-2026', 'active'),
(5, 305, '2025-2026', 'active'),
(5, 306, '2025-2026', 'active'),
(5, 307, '2025-2026', 'active'),
(5, 308, '2025-2026', 'active'),
(5, 309, '2025-2026', 'active'),
(5, 310, '2025-2026', 'active'),
(5, 311, '2025-2026', 'active'),
(5, 312, '2025-2026', 'active'),
(5, 313, '2025-2026', 'active'),
(5, 314, '2025-2026', 'active'),
(5, 315, '2025-2026', 'active'),
(5, 316, '2025-2026', 'active'),
(5, 317, '2025-2026', 'active'),
(5, 318, '2025-2026', 'active'),
(5, 339, '2025-2026', 'active'),
(5, 340, '2025-2026', 'active'),
(5, 341, '2025-2026', 'active'),
(5, 342, '2025-2026', 'active'),
(5, 343, '2025-2026', 'active'),
(5, 344, '2025-2026', 'active'),
(5, 345, '2025-2026', 'active'),
(5, 346, '2025-2026', 'active'),
(5, 347, '2025-2026', 'active'),
(5, 348, '2025-2026', 'active'),
(5, 349, '2025-2026', 'active'),
(5, 350, '2025-2026', 'active'),
(5, 351, '2025-2026', 'active'),
(5, 352, '2025-2026', 'active'),
(5, 353, '2025-2026', 'active'),
(5, 354, '2025-2026', 'active'),
(5, 355, '2025-2026', 'active'),
(5, 356, '2025-2026', 'active'),
(5, 357, '2025-2026', 'active'),
(5, 358, '2024-2025', 'active');

-- --------------------------------------------------------

--
-- Table structure for table `student`
--

CREATE TABLE `student` (
  `StudentID` int(11) NOT NULL,
  `userID` int(11) NOT NULL,
  `LRN` varchar(20) DEFAULT NULL,
  `FirstName` varchar(50) DEFAULT NULL,
  `LastName` varchar(50) DEFAULT NULL,
  `Middlename` varchar(250) NOT NULL,
  `surfix` varchar(250) NOT NULL,
  `Sex` varchar(250) NOT NULL,
  `Birthdate` date DEFAULT NULL,
  `Address` text DEFAULT NULL,
  `contactNumber` varchar(250) NOT NULL,
  `parentname` varchar(250) NOT NULL,
  `ParentsContact` varchar(100) DEFAULT NULL,
  `CivilStatus` varchar(20) DEFAULT NULL,
  `Religion` varchar(50) DEFAULT NULL
) ENGINE=InnoDB DEFAULT CHARSET=utf8mb4 COLLATE=utf8mb4_general_ci;

--
-- Dumping data for table `student`
--

INSERT INTO `student` (`StudentID`, `userID`, `LRN`, `FirstName`, `LastName`, `Middlename`, `surfix`, `Sex`, `Birthdate`, `Address`, `contactNumber`, `parentname`, `ParentsContact`, `CivilStatus`, `Religion`) VALUES
(29, 13, '100000023', 'Greg', 'Tomco', 'Bonekes', '', 'Male', '2001-08-11', '', '', '', '09090909', 'Single', 'secrets'),
(37, 15, '1002323273', 'Mickaella', 'Evangelista', '', '', 'Female', '0000-00-00', '', '', '', '', '', ''),
(83, 92, '123456789', 'John', 'Doe', 'Doe', '', 'Male', NULL, NULL, '', '', NULL, NULL, NULL),
(84, 93, '987654321', 'James', 'Smith', 'Smith', '', 'Male', NULL, NULL, '', '', NULL, NULL, NULL),
(85, 94, '112233445', 'Michael', 'Johnson', 'Johnson', '', 'Male', NULL, NULL, '', '', NULL, NULL, NULL),
(86, 95, '998877665', 'David', 'Brown', 'Brown', '', 'Male', NULL, NULL, '', '', NULL, NULL, NULL),
(87, 96, '556677889', 'Daniel', 'Davis', 'Lee', '', 'Male', NULL, NULL, '', '', NULL, NULL, NULL),
(88, 97, '667788990', 'Ryan', 'Moore', 'Williams', '', 'Male', NULL, NULL, '', '', NULL, NULL, NULL),
(89, 98, '223344556', 'Liam', 'Anderson', 'Jones', '', 'Male', NULL, NULL, '', '', NULL, NULL, NULL),
(90, 99, '778899112', 'Ethan', 'Thomas', 'Davis', '', 'Male', NULL, NULL, '', '', NULL, NULL, NULL),
(91, 100, '334455667', 'Alexander', 'Jackson', 'Miller', '', 'Male', NULL, NULL, '', '', NULL, NULL, NULL),
(92, 101, '889900123', 'William', 'Martin', 'Taylor', '', 'Male', NULL, NULL, '', '', NULL, NULL, NULL),
(93, 102, '111223344', 'Emily', 'Johnson', 'Wang', '', 'Female', NULL, NULL, '', '', NULL, NULL, NULL),
(94, 103, '998877111', 'Sophia', 'Davis', 'Johnson', '', 'Female', NULL, NULL, '', '', NULL, NULL, NULL),
(95, 104, '112233777', 'Isabella', 'Miller', 'Williams', '', 'Female', NULL, NULL, '', '', NULL, NULL, NULL),
(96, 105, '667788999', 'Olivia', 'Taylor', 'Davis', '', 'Female', NULL, NULL, '', '', NULL, NULL, NULL),
(97, 106, '556677888', 'Ava', 'Anderson', 'Taylor', '', 'Female', NULL, NULL, '', '', NULL, NULL, NULL),
(98, 107, '334455554', 'Madison', 'Lee', 'Miller', '', 'Female', NULL, NULL, '', '', NULL, NULL, NULL),
(99, 124, '223344665', 'Charlotte', 'Walker', 'Lee', '', 'Female', NULL, NULL, '', '', NULL, NULL, NULL),
(100, 125, '778899225', 'Amelia', 'White', 'Brown', '', 'Female', NULL, NULL, '', '', NULL, NULL, NULL),
(101, 126, '334455778', 'Mia', 'Harris', 'White', '', 'Female', NULL, NULL, '', '', NULL, NULL, NULL),
(279, 566, '100000001', 'Benjamin', 'Garcia', 'E', '', 'Male', NULL, NULL, '', '', NULL, NULL, NULL),
(280, 567, '100000002', 'Samuel', 'Martinez', 'S', '', 'Male', NULL, NULL, '', '', NULL, NULL, NULL),
(281, 568, '100000003', 'Jack', 'Hernandez', 'F', '', 'Male', NULL, NULL, '', '', NULL, NULL, NULL),
(282, 569, '100000004', 'Daniel', 'Lopez', 'F', '', 'Male', NULL, NULL, '', '', NULL, NULL, NULL),
(283, 570, '100000005', 'Matthew', 'Gonzalez', 'F', '', 'Male', NULL, NULL, '', '', NULL, NULL, NULL),
(284, 571, '100000006', 'David', 'Wilson', 'F', '', 'Male', NULL, NULL, '', '', NULL, NULL, NULL),
(285, 572, '100000007', 'Joseph', 'Anderson', 'F', '', 'Male', NULL, NULL, '', '', NULL, NULL, NULL),
(286, 573, '100000008', 'Andrew', 'Thomas', 'F', '', 'Male', NULL, NULL, '', '', NULL, NULL, NULL),
(287, 574, '100000009', 'Joshua', 'Taylor', 'F', '', 'Male', NULL, NULL, '', '', NULL, NULL, NULL),
(288, 575, '100000010', 'Christopher', 'Moore', 'F', '', 'Male', NULL, NULL, '', '', NULL, NULL, NULL),
(289, 576, '100000011', 'Anthony', 'Jackson', 'F', '', 'Male', NULL, NULL, '', '', NULL, NULL, NULL),
(290, 577, '100000012', 'William', 'Martin', 'F', '', 'Male', NULL, NULL, '', '', NULL, NULL, NULL),
(291, 578, '100000013', 'Alexander', 'Lee', 'F', '', 'Male', NULL, NULL, '', '', NULL, NULL, NULL),
(292, 579, '100000014', 'Ethan', 'Perez', 'F', '', 'Male', NULL, NULL, '', '', NULL, NULL, NULL),
(293, 580, '100000015', 'James', 'Thompson', 'F', '', 'Male', NULL, NULL, '', '', NULL, NULL, NULL),
(294, 581, '100000016', 'Logan', 'White', 'F', '', 'Male', NULL, NULL, '', '', NULL, NULL, NULL),
(295, 582, '100000017', 'Ryan', 'Harris', 'F', '', 'Male', NULL, NULL, '', '', NULL, NULL, NULL),
(296, 583, '100000018', 'Nathan', 'Sanchez', 'F', '', 'Male', NULL, NULL, '', '', NULL, NULL, NULL),
(297, 584, '100000019', 'Isaac', 'Clark', 'F', '', 'Male', NULL, NULL, '', '', NULL, NULL, NULL),
(298, 585, '100000020', 'John', 'Ramirez', 'F', '', 'Male', NULL, NULL, '', '', NULL, NULL, NULL),
(299, 586, '100000021', 'Luke', 'Lewis', 'F', '', 'Male', NULL, NULL, '', '', NULL, NULL, NULL),
(300, 587, '100000022', 'Dylan', 'Robinson', 'F', '', 'Male', NULL, NULL, '', '', NULL, NULL, NULL),
(301, 588, '100000023', 'Christian', 'Walker', 'F', '', 'Male', NULL, NULL, '', '', NULL, NULL, NULL),
(302, 589, '100000024', 'Jonathan', 'Young', 'F', '', 'Male', NULL, NULL, '', '', NULL, NULL, NULL),
(303, 590, '100000025', 'Gabriel', 'Allen', 'F', '', 'Male', NULL, NULL, '', '', NULL, NULL, NULL),
(304, 591, '100000026', 'Oliver', 'King', 'F', '', 'Male', NULL, NULL, '', '', NULL, NULL, NULL),
(305, 592, '100000027', 'Henry', 'Wright', 'F', '', 'Male', NULL, NULL, '', '', NULL, NULL, NULL),
(306, 593, '100000028', 'Owen', 'Scott', 'F', '', 'Male', NULL, NULL, '', '', NULL, NULL, NULL),
(307, 594, '100000029', 'Landon', 'Torres', 'F', '', 'Male', NULL, NULL, '', '', NULL, NULL, NULL),
(308, 595, '100000030', 'Caleb', 'Nguyen', 'F', '', 'Male', NULL, NULL, '', '', NULL, NULL, NULL),
(309, 596, '100000031', 'Julian', 'Hill', 'F', '', 'Male', NULL, NULL, '', '', NULL, NULL, NULL),
(310, 597, '100000032', 'Lucas', 'Flores', 'F', '', 'Male', NULL, NULL, '', '', NULL, NULL, NULL),
(311, 598, '100000033', 'Jackson', 'Green', 'F', '', 'Male', NULL, NULL, '', '', NULL, NULL, NULL),
(312, 599, '100000034', 'Levi', 'Adams', 'F', '', 'Male', NULL, NULL, '', '', NULL, NULL, NULL),
(313, 600, '100000035', 'Isaiah', 'Nelson', 'F', '', 'Male', NULL, NULL, '', '', NULL, NULL, NULL),
(314, 601, '100000036', 'Charles', 'Baker', 'F', '', 'Male', NULL, NULL, '', '', NULL, NULL, NULL),
(315, 602, '100000037', 'Josiah', 'Hall', 'F', '', 'Male', NULL, NULL, '', '', NULL, NULL, NULL),
(316, 603, '100000038', 'Hudson', 'Rivera', 'F', '', 'Male', NULL, NULL, '', '', NULL, NULL, NULL),
(317, 604, '100000039', 'Connor', 'Campbell', 'F', '', 'Male', NULL, NULL, '', '', NULL, NULL, NULL),
(318, 605, '100000040', 'Jeremiah', 'Mitchell', 'F', '', 'Male', NULL, NULL, '', '', NULL, NULL, NULL),
(319, 606, '100000041', 'Sophia', 'Rodriguez', 'F', '', 'Female', NULL, NULL, '', '', NULL, NULL, NULL),
(320, 607, '100000042', 'Emma', 'Garcia', 'F', '', 'Female', NULL, NULL, '', '', NULL, NULL, NULL),
(321, 608, '100000043', 'Olivia', 'Martinez', 'F', '', 'Female', NULL, NULL, '', '', NULL, NULL, NULL),
(322, 609, '100000044', 'Ava', 'Hernandez', 'F', '', 'Female', NULL, NULL, '', '', NULL, NULL, NULL),
(323, 610, '100000045', 'Isabella', 'Lopez', 'F', '', 'Female', NULL, NULL, '', '', NULL, NULL, NULL),
(324, 611, '100000046', 'Mia', 'Gonzalez', 'F', '', 'Female', NULL, NULL, '', '', NULL, NULL, NULL),
(325, 612, '100000047', 'Amelia', 'Wilson', 'F', '', 'Female', NULL, NULL, '', '', NULL, NULL, NULL),
(326, 613, '100000048', 'Harper', 'Anderson', 'F', '', 'Female', NULL, NULL, '', '', NULL, NULL, NULL),
(327, 614, '100000049', 'Evelyn', 'Thomas', 'F', '', 'Female', NULL, NULL, '', '', NULL, NULL, NULL),
(328, 615, '100000050', 'Abigail', 'Taylor', 'F', '', 'Female', NULL, NULL, '', '', NULL, NULL, NULL),
(329, 616, '100000051', 'Emily', 'Moore', 'F', '', 'Female', NULL, NULL, '', '', NULL, NULL, NULL),
(330, 617, '100000052', 'Elizabeth', 'Jackson', 'F', '', 'Female', NULL, NULL, '', '', NULL, NULL, NULL),
(331, 618, '100000053', 'Sofia', 'Martin', 'F', '', 'Female', NULL, NULL, '', '', NULL, NULL, NULL),
(332, 619, '100000054', 'Avery', 'Lee', 'F', '', 'Female', NULL, NULL, '', '', NULL, NULL, NULL),
(333, 620, '100000055', 'Ella', 'Perez', 'F', '', 'Female', NULL, NULL, '', '', NULL, NULL, NULL),
(334, 621, '100000056', 'Scarlett', 'Thompson', 'F', '', 'Female', NULL, NULL, '', '', NULL, NULL, NULL),
(335, 622, '100000057', 'Grace', 'White', 'F', '', 'Female', NULL, NULL, '', '', NULL, NULL, NULL),
(336, 623, '100000058', 'Chloe', 'Harris', 'F', '', 'Female', NULL, NULL, '', '', NULL, NULL, NULL),
(337, 624, '100000059', 'Victoria', 'Sanchez', 'F', '', 'Female', NULL, NULL, '', '', NULL, NULL, NULL),
(338, 625, '100000060', 'Riley', 'Clark', 'F', '', 'Female', NULL, NULL, '', '', NULL, NULL, NULL),
(339, 626, '100000061', 'Aurora', 'Ramirez', 'F', '', 'Female', NULL, NULL, '', '', NULL, NULL, NULL),
(340, 627, '100000062', 'Zoey', 'Lewis', 'F', '', 'Female', NULL, NULL, '', '', NULL, NULL, NULL),
(341, 628, '100000063', 'Lily', 'Robinson', 'F', '', 'Female', NULL, NULL, '', '', NULL, NULL, NULL),
(342, 629, '100000064', 'Hannah', 'Walker', 'F', '', 'Female', NULL, NULL, '', '', NULL, NULL, NULL),
(343, 630, '100000065', 'Layla', 'Young', 'F', '', 'Female', NULL, NULL, '', '', NULL, NULL, NULL),
(344, 631, '100000066', 'Lillian', 'Allen', 'F', '', 'Female', NULL, NULL, '', '', NULL, NULL, NULL),
(345, 632, '100000067', 'Addison', 'King', 'F', '', 'Female', NULL, NULL, '', '', NULL, NULL, NULL),
(346, 633, '100000068', 'Natalie', 'Wright', 'F', '', 'Female', NULL, NULL, '', '', NULL, NULL, NULL),
(347, 634, '100000069', 'Lucy', 'Scott', 'F', '', 'Female', NULL, NULL, '', '', NULL, NULL, NULL),
(348, 635, '100000070', 'Stella', 'Torres', 'F', '', 'Female', NULL, NULL, '', '', NULL, NULL, NULL),
(349, 636, '100000071', 'Savannah', 'Nguyen', 'F', '', 'Female', NULL, NULL, '', '', NULL, NULL, NULL),
(350, 637, '100000072', 'Brooklyn', 'Hill', 'F', '', 'Female', NULL, NULL, '', '', NULL, NULL, NULL),
(351, 638, '100000073', 'Leah', 'Flores', 'F', '', 'Female', NULL, NULL, '', '', NULL, NULL, NULL),
(352, 639, '100000074', 'Zoe', 'Green', 'F', '', 'Female', NULL, NULL, '', '', NULL, NULL, NULL),
(353, 640, '100000075', 'Penelope', 'Adams', 'F', '', 'Female', NULL, NULL, '', '', NULL, NULL, NULL),
(354, 641, '100000076', 'Nora', 'Nelson', 'F', '', 'Female', NULL, NULL, '', '', NULL, NULL, NULL),
(355, 642, '100000077', 'Eleanor', 'Baker', 'F', '', 'Female', NULL, NULL, '', '', NULL, NULL, NULL),
(356, 643, '100000078', 'Maya', 'Hall', 'F', '', 'Female', NULL, NULL, '', '', NULL, NULL, NULL),
(357, 644, '100000079', 'Hazel', 'Rivera', 'F', '', 'Female', NULL, NULL, '', '', NULL, NULL, NULL),
(358, 645, '100000080', 'Violet', 'Campbell', 'F', '', 'Female', NULL, NULL, '', '', NULL, NULL, NULL);

-- --------------------------------------------------------

--
-- Table structure for table `subject`
--

CREATE TABLE `subject` (
  `SubjectID` int(11) NOT NULL,
  `written_work_percentage` decimal(10,2) NOT NULL,
  `peformance_task_percentage` decimal(10,2) NOT NULL,
  `quarterly_assessment_percentage` decimal(10,2) NOT NULL,
  `SubjectName` varchar(100) NOT NULL,
  `GradeLevel` int(11) NOT NULL,
  `teacherID` int(11) NOT NULL
) ENGINE=InnoDB DEFAULT CHARSET=utf8mb4 COLLATE=utf8mb4_general_ci;

--
-- Dumping data for table `subject`
--

INSERT INTO `subject` (`SubjectID`, `written_work_percentage`, `peformance_task_percentage`, `quarterly_assessment_percentage`, `SubjectName`, `GradeLevel`, `teacherID`) VALUES
(1, 0.40, 0.40, 0.20, 'Filipino', 7, 2),
(2, 0.00, 0.00, 0.00, 'English', 7, 9),
(3, 0.00, 0.00, 0.00, 'Mathematics', 7, 10),
(4, 0.00, 0.00, 0.00, 'Science', 7, 2),
(8, 0.40, 0.40, 0.20, 'Araling Panlipunan', 7, 14),
(9, 0.00, 0.00, 0.00, 'ESP (Edukasyon sa Pagpapakatao)', 7, 15),
(10, 0.00, 0.00, 0.00, 'TLE', 7, 18),
(11, 0.00, 0.00, 0.00, 'TLE', 8, 0),
(12, 0.30, 0.50, 0.20, 'Science', 8, 0);

-- --------------------------------------------------------

--
-- Table structure for table `teacher`
--

CREATE TABLE `teacher` (
  `TeacherID` int(11) NOT NULL,
  `UserID` int(11) NOT NULL,
  `fName` varchar(100) DEFAULT NULL,
  `lName` varchar(250) NOT NULL,
  `mName` varchar(250) DEFAULT NULL,
  `birthdate` varchar(250) NOT NULL,
  `address` varchar(250) NOT NULL,
  `contact` varchar(250) DEFAULT NULL
) ENGINE=InnoDB DEFAULT CHARSET=utf8mb4 COLLATE=utf8mb4_general_ci;

--
-- Dumping data for table `teacher`
--

INSERT INTO `teacher` (`TeacherID`, `UserID`, `fName`, `lName`, `mName`, `birthdate`, `address`, `contact`) VALUES
(2, 2, 'Jerome', 'Cabral', 'B', '02-02-1999', '', '09213961890'),
(9, 10, 'Juan', 'Cruz', 'Dela', '', '', ''),
(10, 11, 'Maria', 'Reyes', 'Santos', '', '', ''),
(12, 646, 'Mario', 'De castro', 'Hemenes', '', '', NULL),
(13, 648, 'Jane', 'Smith', 'L', '', '', NULL),
(14, 650, 'Sarah', 'Williams', 'K', '', '', NULL),
(15, 652, 'Juan', 'Ramirez', 'Dela Cruz', '', '', NULL),
(16, 653, 'Maria', 'Perez', 'Gonzales', '', '', NULL),
(17, 654, 'Jose', 'Mendoza', 'Reyes', '', '', NULL),
(18, 655, 'Ana', 'Gomez', 'Santos', '', '', NULL),
(19, 656, 'Carlos', 'Santiago', 'Bautista', '', '', NULL);

-- --------------------------------------------------------

--
-- Table structure for table `user`
--

CREATE TABLE `user` (
  `UserID` int(11) NOT NULL,
  `Email` varchar(100) NOT NULL,
  `Password` varchar(255) NOT NULL,
  `Role` varchar(50) NOT NULL,
  `CreatedAt` timestamp NOT NULL DEFAULT current_timestamp()
) ENGINE=InnoDB DEFAULT CHARSET=utf8mb4 COLLATE=utf8mb4_general_ci;

--
-- Dumping data for table `user`
--

INSERT INTO `user` (`UserID`, `Email`, `Password`, `Role`, `CreatedAt`) VALUES
(2, 'teacher0@gmail.com', '$2y$10$jvHvcd5wVMmPOYiyJhG2h.EKe0JzmJo4gaIUW/Yf1NKc4TNNodXy2', 'teacher', '2025-06-25 11:41:48'),
(3, 'headteacher@gmail.com', '$2y$10$jvHvcd5wVMmPOYiyJhG2h.EKe0JzmJo4gaIUW/Yf1NKc4TNNodXy2', 'principal', '2025-06-30 18:00:59'),
(10, 'juan.cruz@example.com', '$2y$10$jvHvcd5wVMmPOYiyJhG2h.EKe0JzmJo4gaIUW/Yf1NKc4TNNodXy2', 'teacher', '2025-07-16 13:55:49'),
(11, 'maria.reyes@gmail.com', '$2y$10$jvHvcd5wVMmPOYiyJhG2h.EKe0JzmJo4gaIUW/Yf1NKc4TNNodXy2', 'teacher', '2025-07-16 13:55:54'),
(13, 'greg@gmail.com', '$2y$10$jvHvcd5wVMmPOYiyJhG2h.EKe0JzmJo4gaIUW/Yf1NKc4TNNodXy2', 'student', '2025-07-18 15:28:26'),
(15, 'mikay@gmail.com', '$2y$10$/MeS0Tfff36xB0q3TwBsqe9YBf3uaUk88/sZkP4GcWeuPL2WYSlk2', 'student', '2025-07-28 20:03:10'),
(71, 'harper.clark@example.com', '$2y$10$qWM.M7msRK.1X310jsXc5OM0991NYpQZNGQ7HBAYihsMUGhBuMw16', 'student', '2025-07-29 06:40:47'),
(92, 'john.doe@example.com', '$2y$10$9K3p28ySmiz2Vf7c.Jiw9uedQkijeMuxMcS41ibYpBaSA3Q69W4Aq', 'student', '2025-07-29 07:54:43'),
(93, 'james.smith@example.com', '$2y$10$txjwjlEU3SLds6OId62bKuu6MtPsfQrFRDUKjk/Q1c5I3hSiBx/Ie', 'student', '2025-07-29 07:54:52'),
(94, 'michael.johnson@example.com', '$2y$10$dKAff8ninkXCj30ic69bmunfraIj3bBpvpDxqQQPtEmVEfxqyhHde', 'student', '2025-07-29 07:54:59'),
(95, 'david.brown@example.com', '$2y$10$tz7sEfJGMgexSO.R6.PWYuc8SJb.ilBjWkkgvuN.1ICd1D56ucQvG', 'student', '2025-07-29 07:55:09'),
(96, 'daniel.lee@example.com', '$2y$10$L7Iu.PkwW0fx.bCmd9gb2e7vCAp5aCtKZPUq8BqR791Ze1P9euEpC', 'student', '2025-07-29 07:55:18'),
(97, 'ryan.williams@example.com', '$2y$10$WP78n5ZlrXD444dPXvHEmOWKlItnFY13boF3yKwE3FzOhr6gWzxNO', 'student', '2025-07-29 07:55:27'),
(98, 'liam.jones@example.com', '$2y$10$si3fjnhaUh9KOdJzjtz3Oe4hB6F.WivWfLfp5FTwXaPFtz4NZywAO', 'student', '2025-07-29 07:55:34'),
(99, 'ethan.davis@example.com', '$2y$10$C6dMxqGwATVViMwh9fR2XelwALaOgBhJ7ij7sLdXS4ieAq13g1Ut.', 'student', '2025-07-29 07:55:42'),
(100, 'alexander.miller@example.com', '$2y$10$CItMVOch7zWOgs22LqWZk.eMrbO3CZtAW6Ak6.JulEWfJMKvegcci', 'student', '2025-07-29 07:55:49'),
(101, 'william.taylor@example.com', '$2y$10$BHUVY5JBVZbz3cNvgy2U9e2zv3rUCHcSYeMjLNQgTCWb6MvqoaBba', 'student', '2025-07-29 07:55:57'),
(102, 'emily.johnson@example.com', '$2y$10$38ThN4brF8Nq1kCbaqgGOuiNY1r4PKL6QNVh72FKMwOHGZvHXCPvC', 'student', '2025-07-29 07:56:03'),
(103, 'sophia.davis@example.com', '$2y$10$/3/Qmu7U2caN6xY3UWBuuuoyLfPRlmknnMPjRtRLc6Rw4ERaFRbOm', 'student', '2025-07-29 07:56:10'),
(104, 'isabella.miller@example.com', '$2y$10$ytIf.H7o5uSMxd40xZ91wertBI6XCzf1io3Equ58UPiTYU4Z1az1.', 'student', '2025-07-29 07:56:18'),
(105, 'olivia.taylor@example.com', '$2y$10$pjxziTCgEuGYDeI/lrEaUuBG9ahgyPCihmxwPJIXzyx7MMN6PQFT2', 'student', '2025-07-29 07:56:26'),
(106, 'ava.anderson@example.com', '$2y$10$4pnVLa6t/hMPy48aRfWhv.l05AzOR.O/OsbvBaOtD69JAzi/5i732', 'student', '2025-07-29 07:56:33'),
(107, 'madison.lee@example.com', '$2y$10$wBgq0sTit8tx2tLT2c0lfuUaEqUkn1u8MXUWejJG6ITSmqS5vx8fC', 'student', '2025-07-29 07:56:42'),
(124, 'charlotte.white@example.com', '$2y$10$GtJQ4aZn73EVuzy6CbTfsuL5aiufmXLEuL2GprsVt/vi3ACeFTs.C', 'student', '2025-07-29 07:57:13'),
(125, 'amelia.brown@example.com', '$2y$10$rtWetOk9gE9T921eGgsmFONdFWBvEbxRK5Kl6mz0jkrUu8jX51g5W', 'student', '2025-07-29 07:57:21'),
(126, 'mia.wilson@example.com', '$2y$10$M6Mmtu2hHw03M1bXSUeRi.uAEl0ZWIBzYrgck1H6I4Pf2zi7Z/X1O', 'student', '2025-07-29 07:57:28'),
(136, 'admin@gmail.com', '$2y$10$LCwf2/b6BBfPyw1WWSCb6eRrX.A4aKliHRujU0MMXM7xouNIFmQLa', 'head', '2025-09-13 16:27:39'),
(566, 'benjamin.garcia@school.edu.ph', '$2y$10$qZbUCupICoTaWr0otG0jZeXTcJPNWYcTUoQy1FyYxlfGp.PF6xdm6', 'student', '2025-09-26 00:05:52'),
(567, 'samuel.martinez@school.edu.ph', '$2y$10$vdDjGmdf/o3aSOylDlogteXGe4Vc7F6/SJJceM5CQbAnNAJHgi6VW', 'student', '2025-09-26 00:05:57'),
(568, 'jack.hernandez@school.edu.ph', '$2y$10$OQeJXLMkRtrfE5emb9WKbeQL4NXv8.2Z4B9FSS6Kg.Cbd37xfwUim', 'student', '2025-09-26 00:06:02'),
(569, 'daniel.lopez@school.edu.ph', '$2y$10$0lheCh0KsZ8ggeI1qufUOOpiDDUkTv8Lm9mkz3plyuo4L6UItKSvy', 'student', '2025-09-26 00:06:06'),
(570, 'matthew.gonzalez@school.edu.ph', '$2y$10$lAMyZC6y9V56lOnw.9ZYaeNcXkDsI5YEfyzKh0ImZhBHgUR46lsvC', 'student', '2025-09-26 00:06:11'),
(571, 'david.wilson@school.edu.ph', '$2y$10$orUcbEZLkeh33ZFU6fod5efc0UXJGK1vuHPl/FbhyjkZg8u0/LSoe', 'student', '2025-09-26 00:06:16'),
(572, 'joseph.anderson@school.edu.ph', '$2y$10$IIEmgxN9b4bVxRmWEJ8UOOnyh6XvititzlPLJ5dUCcdWagktZLEna', 'student', '2025-09-26 00:06:20'),
(573, 'andrew.thomas@school.edu.ph', '$2y$10$lUr.RppKY/GrfJKZoRMdfedlbrDKaSOmQlTKfORCTbFqVVZo3BY5i', 'student', '2025-09-26 00:06:25'),
(574, 'joshua.taylor@school.edu.ph', '$2y$10$3vM.wb8mMSZe296vJTO18eD5CZzOKa3kwTKZmUtTXILHVxUf/xsXK', 'student', '2025-09-26 00:06:30'),
(575, 'christopher.moore@school.edu.ph', '$2y$10$1hq86C4K1iIbbDTalJ/HpOkqCL75p/O8NnRHB74rIpcnDwXgncpfW', 'student', '2025-09-26 00:06:34'),
(576, 'anthony.jackson@school.edu.ph', '$2y$10$I2ZHEjwLTW9kDjlbxMrONON2r/2DIFZJrgXFPe4w1FXKYEi87exUi', 'student', '2025-09-26 00:06:39'),
(577, 'william.martin@school.edu.ph', '$2y$10$bTVoYlXoXmOBeLc8J2PM1ei7vtozLla079w0PtaRSyngZHpZWBJQG', 'student', '2025-09-26 00:06:44'),
(578, 'alexander.lee@school.edu.ph', '$2y$10$yzDvvEt98ja.JQja/wUpU.ap8SgVjjV867Tqjxz9lW.5NYnjq2.Cm', 'student', '2025-09-26 00:06:48'),
(579, 'ethan.perez@school.edu.ph', '$2y$10$ROP.VZNHn4QGUFD1/m4lo.DpqXnQMl69pKlisKoZlTmVH5FVLO0we', 'student', '2025-09-26 00:06:52'),
(580, 'james.thompson@school.edu.ph', '$2y$10$E76amZ93WaXDy2GThZX5OeQTmApz7D31lUDoo8oI/9vxKxFny4yaC', 'student', '2025-09-26 00:06:57'),
(581, 'logan.white@school.edu.ph', '$2y$10$owVp1bOlLIzIMX1FZhTk8.wfDfZX1BuXuHKcDKKL80prmemhWGavq', 'student', '2025-09-26 00:07:01'),
(582, 'ryan.harris@school.edu.ph', '$2y$10$PcSRX4oMpL/p.cbG8XjhU.FAnT/Mp5yC504JzXs3NJh7jzdy/yalO', 'student', '2025-09-26 00:07:06'),
(583, 'nathan.sanchez@school.edu.ph', '$2y$10$.k4G38z35EfJghIIBxwf7OAycmhuzCv0/aB/G.BqXitaTfMG1jes6', 'student', '2025-09-26 00:07:11'),
(584, 'isaac.clark@school.edu.ph', '$2y$10$3aGBTgYFRhS6fukx1CipX.cI/yC2g6UPQ5ZYipswLqWhtZ0DZj99G', 'student', '2025-09-26 00:07:15'),
(585, 'john.ramirez@school.edu.ph', '$2y$10$LkWLGkfH/JInt8eR0Ck3T.YwUnvlSt/2YP/WBQP9LOE9mcD0T5i9y', 'student', '2025-09-26 00:07:20'),
(586, 'luke.lewis@school.edu.ph', '$2y$10$OS8nhpIhzZBRYsRLT7MOVe2K4yZsxZQzQ7bId.zY8voOfN803T9ZK', 'student', '2025-09-26 00:07:25'),
(587, 'dylan.robinson@school.edu.ph', '$2y$10$ABq/DdX.Ns/o7vnEABqLXOES3tvgjh/ZMlGsubBhVlmRCMS4jO3sC', 'student', '2025-09-26 00:07:29'),
(588, 'christian.walker@school.edu.ph', '$2y$10$BZlMcm686tfGRfMBVoaqFuVPg7LSAJCRRYrnTr.l8tKyUo9ibA/TS', 'student', '2025-09-26 00:07:34'),
(589, 'jonathan.young@school.edu.ph', '$2y$10$MAGnJKNrFla6eVlFRoy97OSj3VcbcwjecCJYLrdB.4MElIADKwtz2', 'student', '2025-09-26 00:07:39'),
(590, 'gabriel.allen@school.edu.ph', '$2y$10$F8IrfMweXvicyJpi0d/ZS.AnFYOfWS6I7wOtFJrq5MuEnA8BDQ2o2', 'student', '2025-09-26 00:07:43'),
(591, 'oliver.king@school.edu.ph', '$2y$10$2j9z1qjEc4I2eUPIstO5MOh5uPJxHq469ntykx1Pf5YmSiawqxYUy', 'student', '2025-09-26 00:07:47'),
(592, 'henry.wright@school.edu.ph', '$2y$10$Cou4u3JHbsYX5EPtp1uMZuIAUAH09awVW98jP8QBUBvQcwtiZxVmm', 'student', '2025-09-26 00:07:52'),
(593, 'owen.scott@school.edu.ph', '$2y$10$ErIER/o.BwmZEPZyGd3PRe68GqJiTzYVEoaXQvBZ51no6KQ749nOq', 'student', '2025-09-26 00:07:56'),
(594, 'landon.torres@school.edu.ph', '$2y$10$5DmZ.tXbkRKcpMrygPwz.eDifeFXLmJOxD8rk5qp5aA1Cwno6.gWa', 'student', '2025-09-26 00:08:01'),
(595, 'caleb.nguyen@school.edu.ph', '$2y$10$gNNasnkkTyAS0pwq.R5RAu5qjsH/FX6Fx7oLh2qQdCMghrUyklbvu', 'student', '2025-09-26 00:08:06'),
(596, 'julian.hill@school.edu.ph', '$2y$10$Dwju/JkYQxLh5rXHfoWZu.0g6yzEaRiie3XwXUQR.RcZTkQAbfKoG', 'student', '2025-09-26 00:08:10'),
(597, 'lucas.flores@school.edu.ph', '$2y$10$5hy/wdMUVR/GfyAwryKoauCJS3p4RYnawGKk38c4K85YGbq6m5dBO', 'student', '2025-09-26 00:08:15'),
(598, 'jackson.green@school.edu.ph', '$2y$10$ES4AIUzKS8BdqGW.A6Cu2.8luGIBFJ4WHVOe.Ll1VAE07zZOHwUiC', 'student', '2025-09-26 00:08:19'),
(599, 'levi.adams@school.edu.ph', '$2y$10$4ynG83YqJgtD9taDupcEXOGSNvcr1VYa.BUOLyeNN61WBGWV7bsr6', 'student', '2025-09-26 00:08:24'),
(600, 'isaiah.nelson@school.edu.ph', '$2y$10$ed/tNByMj.ZXLTcffKT0CO28eROM.TXoj2I6wUFzZOgKZ5AJ0d0py', 'student', '2025-09-26 00:08:29'),
(601, 'charles.baker@school.edu.ph', '$2y$10$uMdqwgWUD7od/IWdPsVQZeScfPd3iooSfp/Ey.babhCMVn3UNDGZm', 'student', '2025-09-26 00:08:35'),
(602, 'josiah.hall@school.edu.ph', '$2y$10$m3ktuICYqFscAgypwozPeu8TV65cGl6Z2BrE9t.I9.HuSMuX2bdnO', 'student', '2025-09-26 00:08:40'),
(603, 'hudson.rivera@school.edu.ph', '$2y$10$vyerCpxBcKjeDxEUE17oMeZ5NUjLTd6wCVJfpX0Fpcz75komVWPay', 'student', '2025-09-26 00:08:45'),
(604, 'connor.campbell@school.edu.ph', '$2y$10$RVNyCM/n/ORGwjBzEXrHpO4mHEVQ.IyXZRUlwDVxbNs.KZSnnSniK', 'student', '2025-09-26 00:08:49'),
(605, 'jeremiah.mitchell@school.edu.ph', '$2y$10$uQF7a6nEEotLMHrobjRzK.aN1GzFv4UyzzbnOadSJWXIKF3u61Uj6', 'student', '2025-09-26 00:08:54'),
(606, 'sophia.rodriguez@school.edu.ph', '$2y$10$Ig5IMpeWHNPTZOmCBL1h/.RzRJwtU/otJyDf3fQM9UhyjNaYPPw.m', 'student', '2025-09-26 00:08:58'),
(607, 'emma.garcia@school.edu.ph', '$2y$10$hY2XC0np9NSCYHA.w1qnxuamFWB4Xhg.HQ6zKDxvQHbIwLw2KASbO', 'student', '2025-09-26 00:09:02'),
(608, 'olivia.martinez@school.edu.ph', '$2y$10$QJIF03inN9whSIg5AYwCrO8U9RlCbiiYOKtRWaJI3K/rgO3KxbQ52', 'student', '2025-09-26 00:09:06'),
(609, 'ava.hernandez@school.edu.ph', '$2y$10$3H5zbM0EnL5VEf3a99BktOLAnCOGaB5ItuCbbEPsKU5ZPAXen5ZWG', 'student', '2025-09-26 00:09:11'),
(610, 'isabella.lopez@school.edu.ph', '$2y$10$KLyLtdbvZvj2y0ZKX0Crr.3hDQ5YqIssWv7TDayuhCOwDNFCjnyQC', 'student', '2025-09-26 00:09:16'),
(611, 'mia.gonzalez@school.edu.ph', '$2y$10$8UrcdJaj5yCFwEdORdyFU.NFwSJxO4hc8ETLKsFOQuRZ8vlrdCRyi', 'student', '2025-09-26 00:09:21'),
(612, 'amelia.wilson@school.edu.ph', '$2y$10$ly10jL/D6WydNu3e53SIZOv8A1FpGWPa.fvulVXHGNsgdi0GSmx4y', 'student', '2025-09-26 00:09:26'),
(613, 'harper.anderson@school.edu.ph', '$2y$10$nV65MlzvunRiRhIyF0PWbeGngKcHwxFHn7CCms9V62CX/e1FA0b/e', 'student', '2025-09-26 00:09:30'),
(614, 'evelyn.thomas@school.edu.ph', '$2y$10$g.A6A7UZBWhwvNheNj9U4.2j3YlGrq9bTw7nf9i72VndPeXvV7i1i', 'student', '2025-09-26 00:09:36'),
(615, 'abigail.taylor@school.edu.ph', '$2y$10$MhQg2gZVxy8GMuNTm6xjYeprzO9hc/etpubnUXMVUF1E1SO25t9Mu', 'student', '2025-09-26 00:09:43'),
(616, 'emily.moore@school.edu.ph', '$2y$10$EgvpOcfo29it6.EIKPYUhuXVaxjvQhWkyld2tLrvSECopkQVptxR6', 'student', '2025-09-26 00:09:47'),
(617, 'elizabeth.jackson@school.edu.ph', '$2y$10$4/viR9XMZ/MEg27xYt5RPOEOWeDC3eYu5Gl6l/szSTOVAuFmC8eV6', 'student', '2025-09-26 00:09:52'),
(618, 'sofia.martin@school.edu.ph', '$2y$10$7ANNixuifrNczISqrgWA7uR9J267w0s6Q1qcudoCsUvmNYYHxuiUK', 'student', '2025-09-26 00:09:57'),
(619, 'avery.lee@school.edu.ph', '$2y$10$yh1b7TT3aC5uIbI8ifTin.yLOd0m2HcDBvUBqVWt8XK3QH6q/QYau', 'student', '2025-09-26 00:10:01'),
(620, 'ella.perez@school.edu.ph', '$2y$10$AGoIWfy1OmaXot8jyOIgyevI8sG3UAp4VzKdMOwzVGgH3EP3WLRUO', 'student', '2025-09-26 00:10:06'),
(621, 'scarlett.thompson@school.edu.ph', '$2y$10$Dr3SpebOuiACOps4nPWWnOHpUi11ryZO1.cfLyJP7scmYTFpfXlEa', 'student', '2025-09-26 00:10:10'),
(622, 'grace.white@school.edu.ph', '$2y$10$kUpm3P5nFp4zf67UvkW/PO6IqHEDVsop.jtLuhRX0rV8BstvMLwJS', 'student', '2025-09-26 00:10:14'),
(623, 'chloe.harris@school.edu.ph', '$2y$10$.XnEVZUvPHQv1vMwUQ4lses9sfQJHcoJD9GFku0QIeVCHeqjc9Ety', 'student', '2025-09-26 00:10:18'),
(624, 'victoria.sanchez@school.edu.ph', '$2y$10$PJxr0FEFEz3a9mD5yO8zXuu.mSaR6RxcgyyLAOuiJ6nho17Vt7Zhm', 'student', '2025-09-26 00:10:23'),
(625, 'riley.clark@school.edu.ph', '$2y$10$MSgKp8xrELdFo5GHfH3fY.A4CELtJyPtvWCRPlX9IXOqLwydPFuC6', 'student', '2025-09-26 00:10:27'),
(626, 'aurora.ramirez@school.edu.ph', '$2y$10$Ij/dK6yFyX5/4GRwFfc2aObhUx.B3ZqEBUl7ehn00M8qnKpLP0CNy', 'student', '2025-09-26 00:10:32'),
(627, 'zoey.lewis@school.edu.ph', '$2y$10$P8zHmwiHhY4WOZmVcoW4bedWbc5T9DpHq6GD7MA4oCeEyDPKbzZuO', 'student', '2025-09-26 00:10:36'),
(628, 'lily.robinson@school.edu.ph', '$2y$10$WOjKH2KprkZ5QZVLEhuCOOPYOykJJnItEAbjqgYWM9BaxreObV9RW', 'student', '2025-09-26 00:10:42'),
(629, 'hannah.walker@school.edu.ph', '$2y$10$rfAeDqz4xLih0r5YYnrSUeGSADYcck4LaNKxFuRCyfCUCt9qJOcPm', 'student', '2025-09-26 00:10:46'),
(630, 'layla.young@school.edu.ph', '$2y$10$IXCZReZOM2mRGRfeW5cuMeE8fDpRWrlAdXLMrG0Fht6pA.n8w4ivG', 'student', '2025-09-26 00:10:50'),
(631, 'lillian.allen@school.edu.ph', '$2y$10$5pZg8RqV0Y6V8vkUgDLOn.g6FRgvAFkStxxfTyqq6/BkGBG5nLcDa', 'student', '2025-09-26 00:10:55'),
(632, 'addison.king@school.edu.ph', '$2y$10$ugIAoCIRucxDZd9tT5enZ.3pt4atxJgM5cpiPMETUAVDEGl5dosWq', 'student', '2025-09-26 00:10:59'),
(633, 'natalie.wright@school.edu.ph', '$2y$10$1HX.rX2yBeyabGyiGtIHjeOX0qdoVUvBlAqklzGT8BO9/thJ3rZbm', 'student', '2025-09-26 00:11:04'),
(634, 'lucy.scott@school.edu.ph', '$2y$10$GD/tdfUp8Z3AGR1.MDZo4.zLFCvW05TKHI3Zd6bBM6LtIujER3Ahu', 'student', '2025-09-26 00:11:08'),
(635, 'stella.torres@school.edu.ph', '$2y$10$5iz8eI0SuJaEpdaa10YCleJCtIbWOOcK/Qh5tqa/FwhssxL5AbIby', 'student', '2025-09-26 00:11:12'),
(636, 'savannah.nguyen@school.edu.ph', '$2y$10$I.rqyaqAo6HlSIg3zefZzeIeB1kiA5iK5wIIlIx21p44rSou7PA2y', 'student', '2025-09-26 00:11:17'),
(637, 'brooklyn.hill@school.edu.ph', '$2y$10$HKPXT5xu4eqePXgh/i8emuaI7FNH5/Lt6PJhOUrc2hzBwDA4k.Vxa', 'student', '2025-09-26 00:11:21'),
(638, 'leah.flores@school.edu.ph', '$2y$10$mg230xswi9H.XeFgv4/0ku2XEMRiy2nFCJVmROOtz4Br271kc/HGG', 'student', '2025-09-26 00:11:25'),
(639, 'zoe.green@school.edu.ph', '$2y$10$Cl7TgSudxHLjlrJYnVP2B.ixASsg2TmxwCQnaBhgdgvXBWv/k1G9e', 'student', '2025-09-26 00:11:30'),
(640, 'penelope.adams@school.edu.ph', '$2y$10$WahjOjKYh/kO/QlTBgHGL.wMF7KuI7s8kVRkNoWTKdSYQJMvWZPLe', 'student', '2025-09-26 00:11:35'),
(641, 'nora.nelson@school.edu.ph', '$2y$10$clFdWeseBnI83ygaCk5lzuFOWU68/amSTOkKm/Oo/85R/34N9yYka', 'student', '2025-09-26 00:11:39'),
(642, 'eleanor.baker@school.edu.ph', '$2y$10$9gWwpxBlTv8UX5wn/QhEL.zvepHmmQLnif44/RDZcJOzAn/pbg6Tq', 'student', '2025-09-26 00:11:43'),
(643, 'maya.hall@school.edu.ph', '$2y$10$oTjFrKXcywnc42xYpTgqSOBaYj3m7PK12cZx9NorkL5BbQL8v1XIi', 'student', '2025-09-26 00:11:48'),
(644, 'hazel.rivera@school.edu.ph', '$2y$10$QH3RbaOekbf3bskfkFWAZufT97CRCA2IshIs21GjkUmsSxL1DScf2', 'student', '2025-09-26 00:11:53'),
(645, 'violet.campbell@school.edu.ph', '$2y$10$80fVoC8hqYvOBJUWuauqTOq.hSZ0Ec/vCglqtvdT0kTGmTBjnLkF6', 'student', '2025-09-26 00:11:57'),
(646, 'Decastro@gmail.com', '$2y$10$WTsNH/bWJV9y0wXgtQAlcOThPBbRtSyIz467a/hknvc1AlTECfhBa', 'teacher', '2025-09-27 21:41:12'),
(648, 'jane.smith@example.com', '$2y$10$VM8cmTnnRLPLdAAGJj26x.cxOWZTK9PFRB5ZRDScTtdLhE4AVQNAq', 'teacher', '2025-09-27 21:44:11'),
(650, 'sarah.williams@example.com', '$2y$10$rnwGNPYHTKiCpFWPAdrtTuNTICT0TTaT6F.quvIuWO4SrqeplZek6', 'teacher', '2025-09-27 21:44:14'),
(652, 'juan.ramirez@example.com', '$2y$10$uBXhOgy7lwH.aDRb4kzwbeiTYiFvv8zZpdX11.1ZlqiOkFUjOHSVW', 'teacher', '2025-09-27 21:45:52'),
(653, 'maria.perez@example.com', '$2y$10$F1QMVD1Yazxfo2LccUkVYejNTv8gGQkqwU6clzuHrH7fm3vp9B1cK', 'teacher', '2025-09-27 21:45:55'),
(654, 'jose.mendoza@example.com', '$2y$10$WymtFT8u.OfntcENPrvhY.lrh.0Wnsh.Fq1JnY2m2BdGtdwiW8meW', 'teacher', '2025-09-27 21:45:58'),
(655, 'ana.gomez@example.com', '$2y$10$Z3lijvSRqxLFTryv/LrCE.GR2zAQjN5LkP01JKimWp58pfQOmIGM.', 'teacher', '2025-09-27 21:46:01'),
(656, 'carlos.santiago@example.com', '$2y$10$dCMWdTXLH0a.vc3QBbAujOe7sYc/xcPtpd7GmIxepyWdSN10gFXbm', 'teacher', '2025-09-27 21:46:04');

--
-- Indexes for dumped tables
--

--
-- Indexes for table `admin`
--
ALTER TABLE `admin`
  ADD PRIMARY KEY (`AdminID`),
  ADD KEY `UserID` (`UserID`);

--
-- Indexes for table `announcement`
--
ALTER TABLE `announcement`
  ADD PRIMARY KEY (`id`);

--
-- Indexes for table `attendance`
--
ALTER TABLE `attendance`
  ADD PRIMARY KEY (`AttendanceID`),
  ADD UNIQUE KEY `ux_attendance` (`StudentID`,`Date`,`TeacherID`,`SectionID`),
  ADD KEY `idx_attendance_student` (`StudentID`),
  ADD KEY `idx_attendance_teacher` (`TeacherID`),
  ADD KEY `idx_attendance_section` (`SectionID`);

--
-- Indexes for table `document`
--
ALTER TABLE `document`
  ADD PRIMARY KEY (`DocumentID`),
  ADD KEY `StudentID` (`StudentID`);

--
-- Indexes for table `events`
--
ALTER TABLE `events`
  ADD PRIMARY KEY (`id`);

--
-- Indexes for table `grades`
--
ALTER TABLE `grades`
  ADD PRIMARY KEY (`grade_id`),
  ADD UNIQUE KEY `uk_student_subject` (`student_id`,`subject`),
  ADD KEY `fk_grades_teacher` (`uploadedby`),
  ADD KEY `idx_grades_student` (`student_id`),
  ADD KEY `idx_grades_subject` (`subject`);

--
-- Indexes for table `grades_details`
--
ALTER TABLE `grades_details`
  ADD PRIMARY KEY (`gradeID`),
  ADD UNIQUE KEY `unique_grade_details` (`studentID`,`subjectID`,`teacherID`,`quarter`,`school_year`),
  ADD KEY `fk_grades_details_subject` (`subjectID`),
  ADD KEY `fk_grades_details_teacher` (`teacherID`);

--
-- Indexes for table `highest_possible_score`
--
ALTER TABLE `highest_possible_score`
  ADD PRIMARY KEY (`id`),
  ADD UNIQUE KEY `unique_hps` (`teacherID`,`subjectID`,`quarter`,`school_year`),
  ADD KEY `fk_hps_subject` (`subjectID`);

--
-- Indexes for table `sched`
--
ALTER TABLE `sched`
  ADD PRIMARY KEY (`schedID`),
  ADD KEY `fk_sched_subject` (`subjectID`),
  ADD KEY `fk_sched_teacher` (`teacherID`),
  ADD KEY `fk_sched_section` (`SectionID`);

--
-- Indexes for table `section`
--
ALTER TABLE `section`
  ADD PRIMARY KEY (`SectionID`),
  ADD UNIQUE KEY `GradeLevel` (`GradeLevel`,`SectionName`),
  ADD KEY `AdviserID` (`AdviserID`);

--
-- Indexes for table `section_enrollment`
--
ALTER TABLE `section_enrollment`
  ADD PRIMARY KEY (`SectionID`,`StudentID`,`SchoolYear`),
  ADD KEY `fk_se_student` (`StudentID`);

--
-- Indexes for table `student`
--
ALTER TABLE `student`
  ADD PRIMARY KEY (`StudentID`);

--
-- Indexes for table `subject`
--
ALTER TABLE `subject`
  ADD PRIMARY KEY (`SubjectID`);

--
-- Indexes for table `teacher`
--
ALTER TABLE `teacher`
  ADD PRIMARY KEY (`TeacherID`),
  ADD KEY `UserID` (`UserID`);

--
-- Indexes for table `user`
--
ALTER TABLE `user`
  ADD PRIMARY KEY (`UserID`),
  ADD UNIQUE KEY `Email` (`Email`);

--
-- AUTO_INCREMENT for dumped tables
--

--
-- AUTO_INCREMENT for table `admin`
--
ALTER TABLE `admin`
  MODIFY `AdminID` int(11) NOT NULL AUTO_INCREMENT, AUTO_INCREMENT=4;

--
-- AUTO_INCREMENT for table `announcement`
--
ALTER TABLE `announcement`
  MODIFY `id` int(11) NOT NULL AUTO_INCREMENT, AUTO_INCREMENT=4;

--
-- AUTO_INCREMENT for table `attendance`
--
ALTER TABLE `attendance`
  MODIFY `AttendanceID` int(11) NOT NULL AUTO_INCREMENT, AUTO_INCREMENT=358;

--
-- AUTO_INCREMENT for table `document`
--
ALTER TABLE `document`
  MODIFY `DocumentID` int(11) NOT NULL AUTO_INCREMENT;

--
-- AUTO_INCREMENT for table `events`
--
ALTER TABLE `events`
  MODIFY `id` int(11) NOT NULL AUTO_INCREMENT, AUTO_INCREMENT=26;

--
-- AUTO_INCREMENT for table `grades`
--
ALTER TABLE `grades`
  MODIFY `grade_id` int(11) NOT NULL AUTO_INCREMENT, AUTO_INCREMENT=1044;

--
-- AUTO_INCREMENT for table `grades_details`
--
ALTER TABLE `grades_details`
  MODIFY `gradeID` int(11) NOT NULL AUTO_INCREMENT, AUTO_INCREMENT=1444;

--
-- AUTO_INCREMENT for table `highest_possible_score`
--
ALTER TABLE `highest_possible_score`
  MODIFY `id` int(11) NOT NULL AUTO_INCREMENT, AUTO_INCREMENT=138;

--
-- AUTO_INCREMENT for table `sched`
--
ALTER TABLE `sched`
  MODIFY `schedID` int(11) NOT NULL AUTO_INCREMENT, AUTO_INCREMENT=13;

--
-- AUTO_INCREMENT for table `section`
--
ALTER TABLE `section`
  MODIFY `SectionID` int(11) NOT NULL AUTO_INCREMENT, AUTO_INCREMENT=7;

--
-- AUTO_INCREMENT for table `student`
--
ALTER TABLE `student`
  MODIFY `StudentID` int(11) NOT NULL AUTO_INCREMENT, AUTO_INCREMENT=359;

--
-- AUTO_INCREMENT for table `subject`
--
ALTER TABLE `subject`
  MODIFY `SubjectID` int(11) NOT NULL AUTO_INCREMENT, AUTO_INCREMENT=13;

--
-- AUTO_INCREMENT for table `teacher`
--
ALTER TABLE `teacher`
  MODIFY `TeacherID` int(11) NOT NULL AUTO_INCREMENT, AUTO_INCREMENT=20;

--
-- AUTO_INCREMENT for table `user`
--
ALTER TABLE `user`
  MODIFY `UserID` int(11) NOT NULL AUTO_INCREMENT, AUTO_INCREMENT=657;

--
-- Constraints for dumped tables
--

--
-- Constraints for table `admin`
--
ALTER TABLE `admin`
  ADD CONSTRAINT `admin_ibfk_1` FOREIGN KEY (`UserID`) REFERENCES `user` (`UserID`) ON DELETE CASCADE;

--
-- Constraints for table `document`
--
ALTER TABLE `document`
  ADD CONSTRAINT `document_ibfk_1` FOREIGN KEY (`StudentID`) REFERENCES `student` (`StudentID`) ON DELETE CASCADE;

--
-- Constraints for table `grades`
--
ALTER TABLE `grades`
  ADD CONSTRAINT `fk_grades_subject` FOREIGN KEY (`subject`) REFERENCES `subject` (`SubjectID`),
  ADD CONSTRAINT `fk_grades_teacher` FOREIGN KEY (`uploadedby`) REFERENCES `teacher` (`TeacherID`);

--
-- Constraints for table `grades_details`
--
ALTER TABLE `grades_details`
  ADD CONSTRAINT `fk_grades_details_student` FOREIGN KEY (`studentID`) REFERENCES `student` (`StudentID`),
  ADD CONSTRAINT `fk_grades_details_subject` FOREIGN KEY (`subjectID`) REFERENCES `subject` (`SubjectID`),
  ADD CONSTRAINT `fk_grades_details_teacher` FOREIGN KEY (`teacherID`) REFERENCES `teacher` (`TeacherID`);

--
-- Constraints for table `highest_possible_score`
--
ALTER TABLE `highest_possible_score`
  ADD CONSTRAINT `fk_hps_subject` FOREIGN KEY (`subjectID`) REFERENCES `subject` (`SubjectID`),
  ADD CONSTRAINT `fk_hps_teacher` FOREIGN KEY (`teacherID`) REFERENCES `teacher` (`TeacherID`);

--
-- Constraints for table `sched`
--
ALTER TABLE `sched`
  ADD CONSTRAINT `fk_sched_section` FOREIGN KEY (`SectionID`) REFERENCES `section` (`SectionID`),
  ADD CONSTRAINT `fk_sched_subject` FOREIGN KEY (`subjectID`) REFERENCES `subject` (`SubjectID`),
  ADD CONSTRAINT `fk_sched_teacher` FOREIGN KEY (`teacherID`) REFERENCES `teacher` (`TeacherID`);

--
-- Constraints for table `section`
--
ALTER TABLE `section`
  ADD CONSTRAINT `section_ibfk_1` FOREIGN KEY (`AdviserID`) REFERENCES `teacher` (`TeacherID`);

--
-- Constraints for table `section_enrollment`
--
ALTER TABLE `section_enrollment`
  ADD CONSTRAINT `fk_se_student` FOREIGN KEY (`StudentID`) REFERENCES `student` (`StudentID`);

--
-- Constraints for table `teacher`
--
ALTER TABLE `teacher`
  ADD CONSTRAINT `teacher_ibfk_1` FOREIGN KEY (`UserID`) REFERENCES `user` (`UserID`) ON DELETE CASCADE;
COMMIT;

/*!40101 SET CHARACTER_SET_CLIENT=@OLD_CHARACTER_SET_CLIENT */;
/*!40101 SET CHARACTER_SET_RESULTS=@OLD_CHARACTER_SET_RESULTS */;
/*!40101 SET COLLATION_CONNECTION=@OLD_COLLATION_CONNECTION */;
